Broker Title,Type,Price,Bedrooms,Bathrooms,Square Feet,Address,State
Brokered by Douglas Elliman  -111 Fifth Ave,Condo for sale,315000,2,2,1400,2 E 55th St Unit 803,"New York, NY 10022"
Brokered by Serhant,Condo for sale,195000000,7,10,17545,Central Park Tower Penthouse-217 W 57th New York St Unit Penthouse,"New York, NY 10019"
Brokered by COMPASS,Condo for sale,69000,3,1,445,2 E 55th St Unit 908W33,"Manhattan, NY 10022"
Brokered by Douglas Elliman - 575 Madison Ave,Condo for sale,899500,2,2,2184,157 W 126th St Unit 1B,"New York, NY 10027"
Brokered by Awaye Realty,Condo for sale,549000,2,2,1000,4654 Amboy Rd Unit 2B,"Staten Island, NY 10312"
Brokered by Keller Williams Rlty Landmark,Condo for sale,599000,2,2,974,92-29 Queens Blvd Unit 3H,"Rego Park, NY 11374"
"Brokered by Apaus, Inc",Condo for sale,1300000,2,2,1244,10724 71st Rd Apt 9F,"Forest Hills, NY 11375"
Brokered by Martino Realty Group,Condo for sale,349900,1,1,651,165 Cromwell Ave Apt 2B,"Staten Island, NY 10304"
Brokered by Get Listed Get Sold NYC,Condo for sale,329000,1,2,794,47 Lynn Ct,"Staten Island, NY 10314"
Brokered by Ashford Homes LLC,Condo for sale,528000,1,1,602,1238 63rd St Unit 432,"Brooklyn, NY 11219"
Brokered by Corcoran Park Slope,Condo for sale,1165000,1,1,815,338 Berry St Apt 4E,"Brooklyn, NY 11249"
Brokered by American Homes Group,Condo for sale,329000,2,1,837,55 Austin Pl Apt 4L,"Staten Island, NY 10304"
Brokered by Douglas Elliman  -111 Fifth Ave,Condo for sale,1650000,2,2,1267,473 Hicks St Apt 4,"Brooklyn, NY 11231"
Brokered by Douglas Elliman - 575 Madison Ave,Condo for sale,1900000,2,2,1029,150 Rivington St Apt 3G,"New York, NY 10002"
Brokered by Corcoran Williamsburg Bedford,Condo for sale,1250000,2,2,1201,1105 Cortelyou Rd # 301,"Brooklyn, NY 11218"
Brokered by COMPASS,Condo for sale,1395000,2,2,1182,737 Bergen St Apt 1B,"Brooklyn, NY 11238"
Brokered by Serhant,Condo for sale,1595000,3,3,1413,924 Lafayette Ave Unit Ph,"Brooklyn, NY 11221"
Brokered by Douglas Elliman - 575 Madison Ave,Condo for sale,655000,3,2,803,1504 Jefferson Ave Unit Gardenb,"Brooklyn, NY 11237"
Brokered by Serhant,Condo for sale,1175000,2,2,1115,924 Lafayette Ave Apt 2,"Brooklyn, NY 11221"
Brokered by Corcoran Chelsea/Flatiron,Condo for sale,31000000,3,4,4492,111 W 57th St # 50,"New York, NY 10019"
Brokered by Douglas Elliman - 575 Madison Ave,Condo for sale,1650000,2,2,1065,200 E 94th St Apt 414,"New York, NY 10128"
Brokered by Douglas Elliman - 575 Madison Ave,Condo for sale,1650000,2,2,1065,200 E 94th St Apt 414,"New York, NY 10128"
Brokered by Brown Harris Stevens - 1926 Broadway,Condo for sale,5750000,3,2,2223,250 E 21st St Unit 12B,"Manhattan, NY 10010"
Brokered by Engel & Volkers Brownstone Brooklyn,Condo for sale,215000,1,1,625,195 Prince St Unit 1LL,"New York, NY 10012"
Brokered by Brown Harris Stevens,Condo for sale,395000,5,1,1000,110 E 71st St Unit Medical,"Manhattan, NY 10021"
Brokered by Avenues - Headquarters,Condo for sale,325000,2,1,979,122 E 102nd St Apt 5B,"New York, NY 10029"
Brokered by Serhant,Condo for sale,17500000,5,6,5499,37 Warren St Unit Phcd,"New York, NY 10007"
Brokered by Salmon Realty Group,Condo for sale,189000,2,2,966,20 Cliff St Apt 6D,"Staten Island, NY 10305"
Brokered by Midas Realty,Condo for sale,759000,3,2,1200,206-04 Emily Rd Unit 37M,"Bayside, NY 11360"
Brokered by COMPASS,Condo for sale,499000,1,1,630,157 E 72nd St Apt 8I,"Manhattan, NY 10021"
Brokered by Douglas Elliman - Roslyn,Condo for sale,649000,3,2,1182,163-04 71st Ave Unit 122,"Fresh Meadows, NY 11365"
Brokered by Douglas Elliman - 575 Madison Ave,Condo for sale,500000,4,3,1794,251 W 89th St Apt 6E,"New York, NY 10024"
Brokered by Homefinders of SI Inc.,Condo for sale,250000,3,1,2184,3105 Avenue V Apt 1F,"Brooklyn, NY 11229"
Brokered by COMPASS,Condo for sale,2000000,3,2,2000,200 Rector Pl Unit 27EF,"Manhattan, NY 10280"
Brokered by J Milo Real Estate,Condo for sale,198000,1,1,750,118-18 Union Tpke Unit 7D,"Queens, NY 11415"
Brokered by COMPASS,Condo for sale,2250000,1,1,2184,302 W 12th St Apt 7F,"Manhattan, NY 10014"
Brokered by ROCKAWAY PROPERTIES,Condo for sale,725000,2,2,792,627 Wilson Ave Apt 3,"Brooklyn, NY 11207"
Brokered by AI Realty Brokerage LLC,Condo for sale,2000000,4,4,3000,444 E 57th St Apt 2D,"New York, NY 10022"
Brokered by Century 21 Realty First,Condo for sale,839000,3,2,1376,8895 26th Ave Apt 5A,"Brooklyn, NY 11214"
Brokered by Sotheby's International Realty - Downtown Manhattan,Condo for sale,800000,2,2,1257,309 E 108th St Apt 5F,"New York, NY 10029"
Brokered by Coldwell Banker Advantage,Condo for sale,430000,2,2,1248,527 Willow Rd E Unit 2,"Staten Island, NY 10314"
Brokered by RE MAX Distinguished Homes & Properties,Condo for sale,200000,1,1,613,1700 Metropolitan Ave Apt Mh,"Bronx, NY 10462"
Brokered by Corcoran West Side Gallery,Condo for sale,1995000,3,2,1546,272 W 107th St Apt 8D,"New York, NY 10025"
Brokered by C J Robin's Real Estate,Condo for sale,320000,2,2,936,1860 Story Ave Unit 36C,"Bronx, NY 10473"
Brokered by Serhant,Condo for sale,285000,2,1,1000,1439 Metropolitan Ave Apt 6A,"Bronx, NY 10462"
Brokered by Corcoran Park Avenue South,Condo for sale,1100000,1,2,890,247 W 46th St Apt 1506,"New York, NY 10036"
Brokered by Corcoran Park Avenue South,Condo for sale,1100000,1,2,890,247 W 46th St Apt 1506,"New York, NY 10036"
Brokered by Signature Premier Properties,Condo for sale,1025000,1,1,800,460 E 79th St Apt 9F,"New York, NY 10075"
Brokered by COMPASS,Condo for sale,1375000,1,2,920,188 E 64th St Apt 802,"Manhattan, NY 10065"
Brokered by Keller Williams NYC,Condo for sale,875000,3,2,1437,105 Bennett Ave Apt 21A,"New York, NY 10033"
Brokered by COMPASS,Condo for sale,1100000,1,1,726,88 Greenwich St Apt 2307,"Manhattan, NY 10006"
Brokered by Brown Harris Stevens,Condo for sale,850000,2,2,1005,340 Cabrini Blvd Apt 501,"Manhattan, NY 10040"
Brokered by 5 Boro Realty Corp,Condo for sale,99000,1,1,2184,1368 E 92nd St Unit 300,"Brooklyn, NY 11236"
Brokered by COMPASS,Condo for sale,2350000,1,2,1144,456 W 19th St Units 4 & 5C,"Manhattan, NY 10011"
Brokered by Serhant,Condo for sale,12000000,4,4,3809,67 Franklin St # A,"New York, NY 10013"
Brokered by Extell Marketing Group LLC,Condo for sale,2265000,2,2,1123,252 South St Unit 26L,"New York, NY 10002"
Brokered by Douglas Elliman  -111 Fifth Ave,Condo for sale,559000,1,1,679,161 E 110th St Apt 6G,"New York, NY 10029"
Brokered by Corcoran Bedford Stuyvesant,Condo for sale,289000,1,1,666,1065 Vermont St Apt 4G,"Brooklyn, NY 11207"
Brokered by COMPASS,Condo for sale,699000,1,1,616,435 Tompkins Ave Unit 305,"Brooklyn, NY 11216"
Brokered by COMPASS,Condo for sale,1355000,2,2,1002,435 Tompkins Ave Unit 703,"Brooklyn, NY 11216"
Brokered by COMPASS,Condo for sale,1225000,2,2,882,435 Tompkins Ave Unit 602,"Brooklyn, NY 11216"
Brokered by Berkshire Hathaway HomeServices Cangiano Estates,Condo for sale,235000,2,1,860,162 Arlo Rd Unit A,"Staten Island, NY 10301"
Brokered by Douglas Elliman - 1995 Broadway,Condo for sale,7495000,4,4,2888,378 W End Ave Apt 4A,"New York, NY 10024"
Brokered by Gateway Arms Realty Corp.,Condo for sale,189000,1,1,730,20 Cliff St Apt 5B,"Staten Island, NY 10305"
Brokered by Taranto Realty,Condo for sale,549000,3,2,1092,4 Jamie Ct,"Staten Island, NY 10314"
Brokered by EXP REALTY,Condo for sale,329000,2,1,850,55 Austin Pl Apt 6Z,"Staten Island, NY 10304"
Brokered by Douglas Elliman - 575 Madison Ave,Condo for sale,965000,3,1,540,9 Dekalb Ave Unit 54E,"Brooklyn, NY 11201"
Brokered by Serhant,Condo for sale,2295000,2,2,1242,219 Hudson St Apt 4A,"New York, NY 10013"
Brokered by Integrity Core Realty,Condo for sale,749000,2,2,1300,13-22 208th Pl Unit 1605,"Bayside, NY 11360"
Brokered by Spire Group Inc.- Main Office,Condo for sale,399000,3,1,500,664 W 161st St Apt 1F,"New York, NY 10032"
Brokered by Douglas Elliman - 1995 Broadway,Condo for sale,16500000,5,4,4105,2150 Broadway,"New York, NY 10023"
Brokered by Douglas Elliman - 1995 Broadway,Condo for sale,16500000,5,4,4105,2150 Broadway,"New York, NY 10023"
Brokered by Realty Executives Powerhouse,Condo for sale,485000,3,2,2184,901 E 106th St Unit 1A,"Brooklyn, NY 11236"
Brokered by The Agency,Condo for sale,27750000,7,8,8139,551 W 21st St Unit 15AB,"New York, NY 10011"
Brokered by COMPASS,Condo for sale,10500000,3,3,2753,1 Wall St Apt 4101,"Manhattan, NY 10005"
Brokered by B Square Realty,Condo for sale,699000,2,2,833,214-10 15 Ave Unit 4B,"Bayside, NY 11360"
Brokered by Keller Williams Rlty Landmark,Condo for sale,758000,3,2,1278,3-27 Endeavor Pl Unit C,"College Point, NY 11356"
Brokered by Gillani Homes Inc.,Condo for sale,728000,3,2,1890,166 Rolling Hill Grn,"Staten Island, NY 10312"
Brokered by Liberty Chateau Realty Inc,Condo for sale,434900,3,2,1286,6 Greentree Ln Unit 6,"Staten Island, NY 10314"
Brokered by LoHo Realty Inc,Condo for sale,388000,3,1,2184,157 Broome St Apt 3E,"New York City, NY 10002"
Brokered by Winzone Realty Inc,Condo for sale,575000,2,2,2184,81-15 Queens Blvd Unit 3C,"Elmhurst, NY 11373"
Brokered by Brown Harris Stevens,Condo for sale,3795000,3,2,1887,30 Main St Ph B,"Brooklyn, NY 11201"
Brokered by Sold By Bart R E Partners Inc,Condo for sale,550000,2,2,2184,62-48 Mount Olivet Cres Unit 1B,"Middle Village, NY 11379"
Brokered by Today Realty Corp.,Condo for sale,379000,1,2,704,190 Schofield St Apt 3I,"Bronx, NY 10464"
Brokered by COMPASS,Condo for sale,799999,3,2,1200,1412 Bonnie Ln Apt 2,"Bayside, NY 11360"
Brokered by Corcoran,Condo for sale,470000,2,1,2184,581 Academy St Apt 1G,"New York, NY 10034"
Brokered by Corcoran East Side,Condo for sale,2000000,4,3,2000,411 E 53rd St # 4HJ,"New York, NY 10022"
"Brokered by Nest Seekers International, Midtown",Condo for sale,50000000,6,6,6569,100 Vandam St Apt 20A,"New York, NY 10013"
Brokered by Goldstone N Y Realty Llc,Condo for sale,880000,4,4,2400,120-10 Ketch Ct Unit 34,"College Point, NY 11356"
Brokered by RE MAX 1st Choice,Condo for sale,609000,2,2,2184,132-03 Sanford Ave Unit 3H,"Flushing, NY 11355"
"Brokered by Robert Defalco Realty, Inc.",Condo for sale,109500,3,1,550,1000 Clove Rd Apt 9F,"Staten Island, NY 10301"
Brokered by E Realty International Corp,Condo for sale,478900,1,1,554,65-18 Austin St Unit 2C,"Rego Park, NY 11374"
"Brokered by CLAS - Classic Marketing, LLC",Condo for sale,2795000,2,2,965,25 Fifth Ave Unit 5B,"New York, NY 10003"
Brokered by Keller Williams NYC,Condo for sale,355000,1,1,514,961 Washington Ave Apt 1G,"Brooklyn, NY 11225"
Brokered by COMPASS,Condo for sale,200000,2,3,1260,2 E 55th St Unit 1136W15,"Manhattan, NY 10022"
Brokered by Elegran Real Estate And Development,Condo for sale,2245000,2,3,1724,171 E 84th St Apt 3B,"New York, NY 10028"
Brokered by Corcoran Park Slope,Condo for sale,699000,2,2,1766,124-11 Rockaway Beach Blvd # 1C,"Queens, NY 11694"
Brokered by Keystone Realty USA Corp,Condo for sale,410000,2,2,2184,151-35 84th St Unit 3M,"Howard Beach, NY 11414"
Brokered by Nareema Baksh Real Estate,Condo for sale,435000,3,2,1034,2877 Ely Ave,"Bronx, NY 10469"
Brokered by Tscherne Realty Inc,Condo for sale,578000,2,2,900,57-15 69th Ln Unit 1,"Maspeth, NY 11378"
Brokered by COMPASS,Condo for sale,8995000,5,4,4373,135 W 52nd St Ph 5,"Manhattan, NY 10019"
Brokered by eXp Realty BKNY,Condo for sale,629000,3,2,1360,269 Bay 8th St Apt 2R,"Brooklyn, NY 11228"
Brokered by Reony.Com Ltd,Condo for sale,329900,2,2,993,149-30 88 St Unit 4D,"Howard Beach, NY 11414"
Brokered by BRAI - Braithwaite Realty LLC,Condo for sale,2150000,3,1,750,163 E 71st St Unit 1,"New York, NY 10021"
Brokered by Corcoran Park Avenue South,Condo for sale,595000,1,1,750,189 Avenue C Apt 9D,"New York, NY 10009"
Brokered by Re/Max In The City,Condo for sale,374900,1,1,782,2287 Johnson Ave Apt 12B,"Bronx, NY 10463"
Brokered by Ilite Realty Inc,Condo for sale,649000,3,2,1400,1220 Avenue Y Unit Oa,"Brooklyn, NY 11235"
Brokered by Harbor Properties International LLC,Condo for sale,3895000,3,3,1884,70 Little West St Apt 26B,"New York, NY 10004"
Brokered by J. Sikar Realty,Condo for sale,615000,3,2,1165,501 Surf Ave Apt 18F,"Brooklyn, NY 11224"
Brokered by COMPASS,Condo for sale,720000,3,2,1046,782 Madison St Apt 1A,"Brooklyn, NY 11221"
Brokered by RE MAX Real Estate Professionals,Condo for sale,499999,3,1,701,2362 E 13th St Apt 2B,"Brooklyn, NY 11229"
Brokered by Prince & Associates Realty Grp,Condo for sale,699900,1,1,2184,11-25 47th Ave Unit 1,"Long Island City, NY 11101"
Brokered by Asimina Perikleous,Condo for sale,705000,2,2,2184,66-41 69th St Unit 1E,"Middle Village, NY 11379"
Brokered by Corcoran SoHo,Condo for sale,295000,3,1,2184,48 W 138th St Apt 6F,"New York, NY 10037"
Brokered by Cohen And Cohen Consulting,Condo for sale,469888,2,2,1164,152 Tier St Apt 211C,"Bronx, NY 10464"
Brokered by Century Homes Realty Group LLC,Condo for sale,929000,3,2,2184,24010A Oak Park Dr Unit 23A,"Douglaston, NY 11362"
Brokered by E Realty International Corp,Condo for sale,698000,2,2,824,142-18 38th Ave Unit 7D,"Flushing, NY 11354"
Brokered by Brown Harris Stevens - 1926 Broadway,Condo for sale,4500000,5,4,3180,377 Rector Pl Ph B,"Manhattan, NY 10280"
Brokered by Great Riches Realty,Condo for sale,290000,1,1,2184,65-50 Wetherole St Unit Lv,"Rego Park, NY 11374"
Brokered by Great Riches Realty,Condo for sale,290000,1,1,2184,65-50 Wetherole St Unit Lv,"Rego Park, NY 11374"
Brokered by Keller Williams NYC,Condo for sale,495000,2,1,766,69 Bennett Ave Apt 509,"New York, NY 10033"
Brokered by Sotheby's International Realty - Downtown Manhattan,Condo for sale,2099000,3,2,1711,100 Jay St Apt 16A,"Brooklyn, NY 11201"
Brokered by KUS Realty Premier Inc,Condo for sale,345000,1,1,2184,172-31 Highland Ave Unit 2A,"Jamaica, NY 11432"
Brokered by Cross Country Realty,Condo for sale,410000,2,1,2184,85 Elmwood Park Dr Apt 60,"Staten Island, NY 10314"
Brokered by Coldwell Banker Warburg,Condo for sale,7995000,3,4,4412,45 E 30th St # B,"New York, NY 10016"
Brokered by Corcoran West Side Gallery,Condo for sale,1395000,2,2,1793,253 W 73rd St Apt 4F,"New York, NY 10023"
Brokered by COMPASS,Condo for sale,60000,3,1,445,2 E 55th St Unit 809W35,"Manhattan, NY 10022"
Brokered by Ditommaso Real Estate,Condo for sale,479000,2,2,1008,57 Stone Ln Unit 2,"Staten Island, NY 10314"
Brokered by Corcoran Park Slope,Condo for sale,1075000,2,2,2184,357 W 30th St # 5/6,"New York, NY 10001"
Brokered by COMPASS,Condo for sale,600000,3,1,441,1 Central Park W Unit 612,"Manhattan, NY 10023"
Brokered by Avenues - Headquarters,Condo for sale,275000,1,1,850,3202 Nostrand Ave Apt 6E,"Brooklyn, NY 11229"
Brokered by EXIT REALTY TOP PROPERTIES,Condo for sale,568000,2,1,550,1759 Bay Ridge Pkwy Unit 3E,"Brooklyn, NY 11204"
Brokered by EXIT REALTY TOP PROPERTIES,Condo for sale,568000,2,1,550,1759 Bay Ridge Pkwy Unit 3E,"Brooklyn, NY 11204"
Brokered by COMPASS,Condo for sale,1989000,2,2,1274,406 W 45th St Apt 3D,"Manhattan, NY 10036"
Brokered by Exp Realty,Condo for sale,249000,2,1,815,1718 Purdy St Apt Mb,"Bronx, NY 10462"
NoBroker,Condo for sale,509000,3,1,2184,91-10 34th Ave Unit 5J,"Jackson Heights, NY 11372"
Brokered by COMPASS,Condo for sale,2200000,3,4,1779,530 E 76th St Unit 27CD,"Manhattan, NY 10021"
Brokered by Corcoran Westside Columbus,Condo for sale,3300000,2,2,1652,303 E 77th St Ph C,"New York, NY 10075"
Brokered by COMPASS,Condo for sale,2700000,3,3,1398,21 India St Apt 36F,"Brooklyn, NY 11222"
Brokered by Corcoran West Side Gallery,Condo for sale,750000,2,2,995,2 Bay Club Dr Apt 17P,"Queens, NY 11360"
Brokered by COMPASS,Condo for sale,2200000,2,2,2035,15 E 70th St Unit 1A,"Manhattan, NY 10021"
Brokered by Mcgrath Realty Inc.,Condo for sale,1389000,2,2,1043,40 Pinehurst Ave Apt 8B,"New York, NY 10033"
Brokered by E House Realty & Mgt. Inc.,Condo for sale,649000,2,2,905,217 Bay 49th St Unit 4A,"Brooklyn, NY 11214"
Brokered by Acadia Real Estate Grp LLC,Condo for sale,450000,2,1,2184,132-50 Maple Ave Unit B4R,"Flushing, NY 11355"
Brokered by Corcoran Brooklyn Heights,Condo for sale,1300000,2,2,1100,529 Court St Apt 406,"Brooklyn, NY 11231"
Brokered by Midas Realty,Condo for sale,1090000,2,2,1860,207-15 Melissa Ct Unit 219L,"Bayside, NY 11360"
Brokered by Midas Realty,Condo for sale,1090000,2,2,1860,207-15 Melissa Ct Unit 219L,"Bayside, NY 11360"
Brokered by Real Broker Llc,Condo for sale,425000,2,2,800,3240 Netherland Ave Apt 6A,"Bronx, NY 10463"
Brokered by UNITED NATIONAL REALTY,Condo for sale,449000,2,2,1440,1722 Forest Hill Rd,"Staten Island, NY 10314"
Brokered by Ilite Realty Inc,Condo for sale,789000,2,2,1230,40 Oceana Dr W Unit 1C,"Brooklyn, NY 11235"
Brokered by Coldwell Banker Warburg,Condo for sale,3595000,3,3,1862,475 Greenwich St Apt 2A,"New York, NY 10013"
Brokered by Promise Realty LLC,Condo for sale,357000,3,1,1100,5 Metropolitan Oval Apt 10F,"Bronx, NY 10462"
Brokered by Exp Realty,Condo for sale,499000,3,2,1156,86-10 Dumont Ave Unit 5C,"Ozone Park, NY 11417"
Brokered by COMPASS,Condo for sale,595000,3,1,660,55 Wall St Apt 714,"Manhattan, NY 10005"
Brokered by YourHomeSold Guarantee Realty,Condo for sale,319000,2,2,1102,135 Sunset Blvd Unit 10135,"Bronx, NY 10473"
Brokered by COMPASS,Condo for sale,4250000,3,4,2054,255 E 74th St Apt 16C,"Manhattan, NY 10021"
Brokered by Douglas Elliman - 575 Madison Ave,Condo for sale,747000,11,1,747,400 Central Park W Apt 8H,"New York, NY 10025"
Brokered by RE MAX 1st Choice,Condo for sale,569000,2,2,2184,64-34 Grand Central Pkwy Unit 2A,"Forest Hills, NY 11375"
Brokered by Robert Defalco Realty Inc.,Condo for sale,238000,1,1,650,20 Cliff St Apt 8F,"Staten Island, NY 10305"
Brokered by Keller Williams Legendary,Condo for sale,472000,1,1,700,85-28 Grand Ave Unit 4C,"Elmhurst, NY 11373"
Brokered by Keller Williams Legendary,Condo for sale,472000,1,1,700,85-28 Grand Ave Unit 4C,"Elmhurst, NY 11373"
Brokered by Howard Hanna | Rand Realty,Condo for sale,200000,1,2,637,1561 Unionport Rd Apt Td,"Bronx, NY 10462"
Brokered by Ashford Homes LLC,Condo for sale,599000,2,2,1095,2818 W 17th St Apt 1B,"Brooklyn, NY 11224"
Brokered by COMPASS,Condo for sale,12500000,3,2,4000,47 Mercer St Apt 2,"Manhattan, NY 10013"
Brokered by Winzone Realty Inc,Condo for sale,625000,2,2,995,2 Bay Club Rd Unit 1M,"Bayside, NY 11360"
Brokered by WIESNER ROCIO D,Condo for sale,625000,2,1,825,4-74 48 Ave Ph 3C,"Long Island City, NY 11109"
Brokered by Keller Williams NYC,Condo for sale,979000,3,2,1272,324 77th St Apt 2C,"Brooklyn, NY 11209"
Brokered by COMPASS,Condo for sale,28000000,4,4,5000,443 Greenwich St Ph E,"Manhattan, NY 10013"
Brokered by Metro Real Estate Inc,Condo for sale,719000,3,2,2184,154-11 Riverside Dr Unit 17B,"Whitestone, NY 11357"
Brokered by Corcoran West Side Gallery,Condo for sale,1300000,2,2,1140,392 Central Park W Apt 1R,"New York, NY 10025"
Brokered by Remax Edge - RE/MAX EDGE,Condo for sale,558000,1,1,751,346 91st St Apt 307,"Brooklyn, NY 11209"
"Brokered by Tom Crimmins Realty, Ltd.",Condo for sale,399900,2,2,853,120 Wellington Ct Apt 1B,"Staten Island, NY 10314"
Brokered by JM Properties,Condo for sale,255500,1,1,950,422 Maryland Ave Apt 3D,"Staten Island, NY 10305"
Brokered by COMPASS,Condo for sale,395000,3,1,2184,233 E 86th St Apt 5D,"Manhattan, NY 10028"
Brokered by Serhant,Condo for sale,9450000,2,3,3918,60 Greene St Apt 4,"New York, NY 10012"
Brokered by Benjamin Realty Since 1980,Condo for sale,1078000,3,2,2184,100-25 Queens Blvd Unit 4BB,"Forest Hills, NY 11375"
Brokered by DiTommaso Real Estate,Condo for sale,354900,2,1,673,160 72nd St Apt 713,"Brooklyn, NY 11209"
Brokered by Chase Global Realty Corp,Condo for sale,580000,2,2,2184,93-05 37th Ave Unit 5A,"Jackson Heights, NY 11372"
Brokered by Bayview Marketing Group LLC,Condo for sale,530000,1,1,538,2286 Cropsey Ave Unit 6D,"Brooklyn, NY 11214"
Brokered by Keller Williams Realty Greater Nassau,Condo for sale,624999,3,2,2184,1070 E 73rd St Unit 4C,"Brooklyn, NY 11234"
"Brokered by Robert DeFalco Realty, Inc.",Condo for sale,475000,2,1,1296,26 Katan Loop Unit B,"Staten Island, NY 10308"
Brokered by Corcoran West Side Gallery,Condo for sale,995000,3,2,2184,100 Manhattan Ave Apt 4A,"New York, NY 10025"
Brokered by Corcoran East Side,Condo for sale,925000,2,1,2184,200 Bowery Apt 2C,"New York, NY 10012"
Brokered by COMPASS,Condo for sale,785000,2,2,968,16 Bay 25th St Unit 4A,"Brooklyn, NY 11214"
Brokered by Corcoran SoHo,Condo for sale,1700000,2,2,1580,984 Bergen Residence St Apt 1,"Brooklyn, NY 11216"
Brokered by Commerce Realty Group,Condo for sale,575000,3,2,877,61-20 71st Ave Unit F2A,"Ridgewood, NY 11385"
Brokered by Douglas Elliman - New Development,Condo for sale,40000000,5,6,7488,111 Murray St Ph 2,"New York, NY 10007"
Brokered by Fillmore Real Estate,Condo for sale,725000,3,2,1185,1322 E 14th St Apt 4B,"Brooklyn, NY 11230"
Brokered by RE MAX Edge,Condo for sale,455000,2,1,939,449 Medina St Apt 2C,"Staten Island, NY 10306"
Brokered by Nestapple,Condo for sale,620000,1,1,430,112 W 72nd St Ph C,"Manhattan, NY 10023"
Brokered by Ilite Realty Inc,Condo for sale,849000,3,2,1241,398 Kings Hwy Unit 308,"Brooklyn, NY 11223"
Brokered by COMPASS,Condo for sale,2995000,2,2,1452,120 E 87th St Apt R26B,"Manhattan, NY 10128"
Brokered by Douglas Elliman - Bayside,Condo for sale,495000,2,1,800,83-71 116th St Unit 4E,"Kew Gardens, NY 11418"
Brokered by COMPASS,Condo for sale,999000,3,1,600,10 W End Ave Apt 8J,"Manhattan, NY 10023"
Brokered by PPAD - Park Property Advisors,Condo for sale,2250000,2,2,1334,415 DE Graw St Unit Ph,"Brooklyn, NY 11217"
Brokered by J. Sikar Realty,Condo for sale,429000,1,1,640,501 Surf Ave Apt 9D,"Brooklyn, NY 11224"
Brokered by RE MAX Elite,Condo for sale,575000,2,2,1253,101-02 Shore Front Pkwy Unit 26A,"Rockaway Park, NY 11694"
"Brokered by Nest Seekers International, Midtown",Condo for sale,5100000,4,2,2183,201 W 17th St Ph F,"New York, NY 10011"
Brokered by COMPASS,Condo for sale,2000000,1,2,1321,108 Reade St Unit 4W,"Manhattan, NY 10013"
Brokered by Douglas Elliman - 237 Smith St,Condo for sale,1250000,3,2,1281,425 14th St Unit D1 /D2,"Brooklyn, NY 11215"
Brokered by Apple Realty Group Corp,Condo for sale,680000,2,2,1058,167-09 Powell Cove Blvd Unit 26,"Beechhurst, NY 11357"
Brokered by Elegran LLC,Condo for sale,845000,3,2,2184,83-09 Talbot St Unit 5N,"Kew Gardens, NY 11415"
Brokered by COMPASS,Condo for sale,1495000,2,2,1098,84 Front St Apt 2B,"Brooklyn, NY 11201"
Brokered by City Advance Realty Inc,Condo for sale,568000,2,2,1253,164 Beach 101st St Unit 15A,"Rockaway Park, NY 11694"
Brokered by COMPASS,Condo for sale,849000,2,1,720,150 W 51st St Apt 808,"Manhattan, NY 10019"
Brokered by Sotheby's International Realty - Downtown Manhattan,Condo for sale,9500000,4,4,3655,1 John St # E,"Brooklyn, NY 11201"
Brokered by Tru International Realty Corp,Condo for sale,599000,2,2,2184,131-19 Fowler Ave Unit 2C,"Flushing, NY 11355"
Brokered by COMPASS,Condo for sale,1100000,2,1,807,170 Broadway Apt 6A,"Brooklyn, NY 11211"
Brokered by Keystone Realty USA Corp,Condo for sale,549000,3,2,2184,86-02 Dumont Ave Unit 1B,"Ozone Park, NY 11417"
Brokered by Serhant,Condo for sale,3345000,2,2,1875,158 Franklin St Fl 3,"New York, NY 10013"
Brokered by Serhant,Condo for sale,3345000,2,2,1875,158 Franklin St Fl 3,"New York, NY 10013"
Brokered by Mark Murphy Properties,Condo for sale,378888,1,1,718,966 Clove Rd Unit H1,"Staten Island, NY 10301"
"Brokered by Nest Seekers International, Midtown",Condo for sale,750000,3,2,1027,2132 2nd Ave Unit 7B,"New York, NY 10029"
Brokered by Corcoran Chelsea/Flatiron,Condo for sale,850000,1,1,626,158 India St Apt 3,"Brooklyn, NY 11222"
Brokered by Realty By The Park Inc / Santana Real Estate,Condo for sale,668000,2,2,2184,83-75 117th St Unit 7A,"Kew Gardens, NY 11418"
"Brokered by Nest Seekers International, Tribeca",Condo for sale,2550000,3,2,1525,422 W 49th St Apt 4A,"New York, NY 10019"
Brokered by Elegran Real Estate And Development,Condo for sale,799000,1,1,684,155 E 34th St Apt 20A,"New York, NY 10016"
Brokered by Douglas Elliman - 575 Madison Ave,Condo for sale,6750000,3,3,3000,525 W 22nd St Apt 2F,"New York, NY 10011"
Brokered by COMPASS,Condo for sale,1695000,2,2,1117,175 Jackson St Apt 4D,"Brooklyn, NY 11211"
Brokered by The Agency,Condo for sale,2800000,2,2,1188,15 W 96th St Unit 14B,"New York, NY 10025"
Brokered by Corcoran Park Slope,Condo for sale,649000,3,2,804,326 Melrose St Apt 1A,"Brooklyn, NY 11237"
Brokered by Brown Harris Stevens,Condo for sale,849500,2,2,975,161 E 110th St Apt 7A,"Manhattan, NY 10029"
Brokered by Chase Global Realty Corp,Condo for sale,699000,2,2,967,31-38 137 St Unit 8A,"Flushing, NY 11354"
Brokered by Serhant,Condo for sale,999000,2,2,1262,775 Riverside Dr Apt 5H,"New York, NY 10032"
Brokered by Sowae Corp,Condo for sale,369000,3,1,2184,720 57th St Apt 4C,"Brooklyn, NY 11220"
Brokered by COMPASS,Condo for sale,4000000,4,4,3704,247 Water St Unit Ph,"Manhattan, NY 10038"
Brokered by TDMT - The Development Marketing Team,Condo for sale,1475000,2,2,1048,429 Kent Ave Unit 902,"Brooklyn, NY 11249"
Brokered by TDMT - The Development Marketing Team,Condo for sale,595000,3,1,721,595 Main St Apt 410,"Roosevelt Island, NY 10044"
Brokered by Parkchester Bronx Realty Inc,Condo for sale,215000,2,1,789,1604 Metropolitan Ave,"Bronx, NY 10462"
Brokered by Parkchester Bronx Realty Inc,Condo for sale,215000,2,1,789,1604 Metropolitan Ave,"Bronx, NY 10462"
Brokered by Sotheby's International Realty - Downtown Manhattan,Condo for sale,14995000,6,2,8500,360 Furman St Apt 1216,"Brooklyn, NY 11201"
"Brokered by Nest Seekers International, Long Island",Condo for sale,749000,1,2,879,20-48 Steinway St Unit 1B,"Queens, NY 11105"
Brokered by RE MAX Distinguished Homes & Properties,Condo for sale,365000,3,2,920,276 Buttrick Ave Unit I3,"Bronx, NY 10465"
Brokered by Corcoran Bedford Stuyvesant,Condo for sale,695000,2,2,845,508A Lexington Ave # 2,"Brooklyn, NY 11221"
Brokered by CENTURY 21 MK Realty,Condo for sale,699000,3,2,1779,1515 W 4th St Apt 1R,"Brooklyn, NY 11204"
Brokered by RE MAX Edge,Condo for sale,540000,3,2,2184,172 Greenleaf Ave Unit 2B,"Staten Island, NY 10310"
Brokered by Sotheby's International Realty - East Side Manhattan Brokerage,Condo for sale,779000,1,1,517,186 W 80th St Apt 3A,"New York, NY 10024"
Brokered by Corcoran Williamsburg Bedford,Condo for sale,1399999,2,2,1041,330 E 38th St Apt 14L,"New York, NY 10016"
"Brokered by Nest Seekers International, Midtown",Condo for sale,11500000,6,7,4908,522 W 29th St Unit 3AB,"New York, NY 10001"
Brokered by J Milo Real Estate,Condo for sale,199999,1,1,750,10 E 43rd St Apt 3K,"Brooklyn, NY 11203"
Brokered by E Realty International Corp,Condo for sale,569000,1,1,490,41-62 Bowne St Unit 11C,"Flushing, NY 11355"
Brokered by Brown Harris Stevens- 3531 Johnson Avenue,Condo for sale,1995000,5,4,3075,640 W 237th St Apt 14C,"Bronx, NY 10463"
Brokered by Opulence Properties,Condo for sale,650000,3,2,1632,259 Windham Loop,"Staten Island, NY 10314"
Brokered by Keller Williams NYC,Condo for sale,435000,1,1,661,109-20 Queens Blvd Unit 3K,"Forest Hills, NY 11375"
"Brokered by Nest Seekers International, Midtown",Condo for sale,1479000,2,1,2184,36 Gramercy Park E Apt 5S,"New York, NY 10003"
Brokered by COMPASS,Condo for sale,799000,2,2,922,265 W 131st St Apt 4,"Manhattan, NY 10027"
Brokered by Winzone Realty Inc,Condo for sale,798000,2,2,1190,206-17 Emily Rd Unit 1002,"Bayside, NY 11360"
Brokered by EXIT ALL SEASONS REALTY,Condo for sale,399000,1,1,616,60-70 Woodhaven Blvd Unit 4H,"Elmhurst, NY 11373"
Brokered by Ben Bay Realty Company of Staten Island LLC,Condo for sale,450000,1,1,776,90 Bay Street Lndg Apt 7H,"Staten Island, NY 10301"
Brokered by E Realty International Corp,Condo for sale,550000,1,1,720,88-30 51st Ave Unit 6A,"Elmhurst, NY 11373"
Brokered by Re/Max In The City,Condo for sale,290900,2,1,850,5775 Mosholu Ave Apt 7F,"Bronx, NY 10471"
Brokered by Re/Max In The City,Condo for sale,474900,2,2,1054,3220 Fairfield Ave Apt 6A,"Bronx, NY 10463"
Brokered by Serhant,Condo for sale,7995000,3,4,2789,50 Bridge Park Dr Ph 1C,"Brooklyn, NY 11201"
Brokered by Coldwell Banker Reliable,Condo for sale,480000,1,1,506,2128 Ocean Ave Apt 5J,"Brooklyn, NY 11229"
Brokered by Ashford Homes,Condo for sale,318000,1,1,638,45 Francine Ct,"Staten Island, NY 10306"
Brokered by Keller Williams Realty Group,Condo for sale,275000,2,2,969,1086 E 73rd St Unit 75,"Brooklyn, NY 11234"
Brokered by The Bouklis Group - The Bouklis Group,Condo for sale,649000,2,1,705,14-43 28th Ave Unit BB1,"Astoria, NY 11102"
Brokered by Corcoran Chelsea/Flatiron,Condo for sale,5000000,3,3,2162,71 Park Ave # 10AB,"New York, NY 10016"
Brokered by Serhant,Condo for sale,5250000,3,3,1757,75 First Ave # A,"New York, NY 10003"
Brokered by Howard Hanna | Rand Realty,Condo for sale,504000,3,2,1004,2833 Ely Ave Apt 2,"Bronx, NY 10469"
Brokered by Serhant,Condo for sale,5250000,3,3,1757,75 First Ave # A,"New York, NY 10003"
Brokered by RE MAX Edge,Condo for sale,999000,3,2,1301,1414 W 4th St Ph 5,"Brooklyn, NY 11204"
Brokered by Homefinders of SI Inc.,Condo for sale,615000,2,4,1568,253 Windham Loop,"Staten Island, NY 10314"
Brokered by E Realty International Corp,Condo for sale,585000,1,2,869,63-36 99th St Unit 2G,"Rego Park, NY 11374"
Brokered by COMPASS,Condo for sale,4200000,3,3,2584,16 Warren St Apt 5,"Manhattan, NY 10007"
Brokered by COMPASS,Condo for sale,749000,1,2,908,112-01 Queens Blvd Unit 8A,"Queens, NY 11375"
Brokered by Corcoran Park Slope,Condo for sale,700000,3,2,1245,3536 Cambridge Ave Apt 4F,"Bronx, NY 10463"
Brokered by RE/MAX Elite,Condo for sale,297000,3,1,600,40 Brighton 1st Rd Apt 2M,"Brooklyn, NY 11235"
Brokered by Corcoran Chelsea/Flatiron,Condo for sale,6500000,3,4,2190,50 W 30th St Ph 2,"New York, NY 10001"
Brokered by Carollo Real Estate Inc,Condo for sale,1088000,4,2,2184,168-28 Powells Cove Blvd Unit 12,"Whitestone, NY 11357"
Brokered by Carollo Real Estate Inc,Condo for sale,1088000,4,2,2184,168-28 Powells Cove Blvd Unit 12,"Whitestone, NY 11357"
Brokered by Corcoran East Side,Condo for sale,1375000,2,2,2184,400 E 90th St Ph A,"New York, NY 10128"
Brokered by Manhattan Network Inc,Condo for sale,479900,1,1,550,2141 2nd Ave Unit 5C,"New York, NY 10029"
Brokered by Manhattan Network Inc,Condo for sale,479900,1,1,550,2141 2nd Ave Unit 5C,"New York, NY 10029"
"Brokered by BEN BAY REALTY, CO.",Condo for sale,875000,2,2,1050,118 Battery Ave Apt 4C,"Brooklyn, NY 11209"
Brokered by BERGEN BASIN REALTY,Condo for sale,715000,2,2,1021,2805 E 26th St Apt 1A,"Brooklyn, NY 11235"
Brokered by Brown Harris Stevens,Condo for sale,17500000,7,4,6300,140 Franklin St Apt 2B,"Manhattan, NY 10013"
Brokered by COMPASS,Condo for sale,1395000,3,2,1494,1 Wall Street Ct Apt 505,"Manhattan, NY 10005"
Brokered by Brown Harris Stevens- 3531 Johnson Avenue,Condo for sale,1181000,2,2,1541,640 W 237th St Apt 15A,"Bronx, NY 10463"
Brokered by Epic Homes NY,Condo for sale,1499999,2,2,901,8 W 65th St Unit 3,"New York, NY 10023"
Brokered by ETPG - Eastpointe Properties Group,Condo for sale,1395000,1,1,2184,420 W 23rd St Apt 2B,"New York, NY 10011"
Brokered by Re/Max In The City,Condo for sale,299900,1,1,525,2600 Henry Hudson Pkwy Apt 1E,"Bronx, NY 10463"
Brokered by Five Towns Miller Realty Inc,Condo for sale,759000,3,2,2184,156 Beach 9th St Apt 5A,"Far Rockaway, NY 11691"
Brokered by COMPASS,Condo for sale,1995000,2,2,1562,223 W 80th St Apt 6,"Manhattan, NY 10024"
Brokered by Corcoran Brooklyn Heights,Condo for sale,750000,1,1,943,1 Tiffany Pl Apt 3N,"Brooklyn, NY 11231"
Brokered by Neponsit Realty Inc,Condo for sale,699000,2,2,1320,136 Beach 117 St Unit 5J,"Rockaway Park, NY 11694"
"Brokered by Nest Seekers International, Westside",Condo for sale,4100000,3,4,2200,80 Riverside Blvd Apt 15L,"New York, NY 10069"
Brokered by COMPASS,Condo for sale,8850000,3,4,5094,145 Avenue of the Americas Ste 2B,"Manhattan, NY 10013"
"Brokered by Fillmore Real Estate Fusion Team, INC.",Condo for sale,408000,1,1,787,2121 Shore Pkwy Apt 7F,"Brooklyn, NY 11214"
Brokered by HIGH CLASS REALTY SB LLC.,Condo for sale,559000,1,1,830,63 Brighton 2nd Pl Apt 4A,"Brooklyn, NY 11235"
Brokered by Douglas Elliman - 575 Madison Ave,Condo for sale,2225000,2,2,1420,303 E 33rd St Apt 10E,"New York, NY 10016"
"Brokered by Nest Seekers International, Long Island",Condo for sale,1530000,2,2,1229,26 Broadway Apt 402,"Brooklyn, NY 11249"
Brokered by Fillmore Real Estate,Condo for sale,399000,1,1,561,2613 Emmons Ave Unit 326,"Brooklyn, NY 11235"
Brokered by EXP Realty,Condo for sale,675000,2,2,904,92-29 Queens Blvd Unit 7H116,"Rego Park, NY 11374"
Brokered by Your Home Sold Guaranteed Realty Advisor LLC,Condo for sale,164999,3,1,400,36 Hamilton Ave Apt 5B,"Staten Island, NY 10301"
Brokered by Corcoran Chelsea/Flatiron,Condo for sale,13000000,4,4,3844,385 W 12th St Ph W,"New York, NY 10014"
Brokered by Corcoran East Side,Condo for sale,29000000,5,2,5508,180 E 88th St,"New York, NY 10128"
Brokered by Connie Profaci Realty,Condo for sale,198000,1,1,1000,1100 Clove Rd Apt Gl,"Staten Island, NY 10301"
Brokered by Corcoran West Side,Condo for sale,1795000,3,2,1773,380 Lenox Ave Apt 2D,"New York, NY 10027"
Brokered by COMPASS,Condo for sale,699000,2,2,1519,2322 Adam Clayton Powell Jr Blvd Apt 1C,"Manhattan, NY 10030"
Brokered by Living NY - Main Office,Condo for sale,2750000,3,3,2782,160 Imlay St Unit 6D2,"Brooklyn, NY 11231"
Brokered by Ilite Realty Inc,Condo for sale,980000,3,3,1574,1740 W 4th St Apt 4C,"Brooklyn, NY 11223"
Brokered by Douglas Elliman - Rental Center,Condo for sale,600000,3,1,2184,500 W 43rd St Apt 23A,"New York, NY 10036"
Brokered by Ilite Realty Inc,Condo for sale,950000,3,2,1401,1740 W 4th St Apt 5F,"Brooklyn, NY 11223"
Brokered by Sotheby's International Realty - Downtown Manhattan,Condo for sale,5000000,2,2,2522,139 Spring St Apt 3B,"New York, NY 10012"
Brokered by eXp Realty BKNY,Condo for sale,1390000,4,3,1950,1840 52nd St Apt 7,"Brooklyn, NY 11204"
Brokered by Brown Harris Stevens,Condo for sale,9995000,3,4,2926,368 Third Ave Ph B,"Manhattan, NY 10016"
Brokered by Modlin Group LLC,Condo for sale,1350000,1,1,850,50 E 72nd St Unit 3D,"New York, NY 10021"
Brokered by BHHS New York Properties,Condo for sale,2750000,2,2,1892,205 E 16th St Apt 4A,"New York, NY 10003"
Brokered by Corcoran East Side,Condo for sale,2095000,2,2,1600,401 E 60th St Apt 17A,"New York, NY 10022"
Brokered by R New York,Condo for sale,16995000,4,4,3310,23 E 22nd St Unit 55B,"New York, NY 10010"
Brokered by eXp Realty BKNY,Condo for sale,690000,2,2,942,1569 W 7th St Apt 3A,"Brooklyn, NY 11204"
Brokered by Canaan Realty International,Condo for sale,780000,2,2,955,132-59 41st Rd Unit 6C,"Flushing, NY 11355"
Brokered by Exp Realty,Condo for sale,639999,3,2,1180,3816 Waldo Ave Apt 3B,"Bronx, NY 10463"
Brokered by Corcoran East Side,Condo for sale,14950000,3,4,3228,39 W 23rd St,"New York, NY 10010"
Brokered by Corcoran Brooklyn Heights,Condo for sale,2999999,4,4,3100,1280 Fifth Ave # 8BC,"New York, NY 10029"
Brokered by Serhant,Condo for sale,1999999,3,2,1865,61 N Henry St Unit Garden,"Brooklyn, NY 11222"
Brokered by Prime Realty,Condo for sale,1150000,2,2,1850,12-29 Estates Ln Unit 223L,"Bayside, NY 11360"
Brokered by COMPASS,Condo for sale,1200000,2,2,1200,50 Pine St Apt 8S,"Manhattan, NY 10005"
Brokered by Corcoran Park Avenue South,Condo for sale,1150000,2,2,2184,90 William St Apt 16G,"New York, NY 10038"
Brokered by Winzone Realty Inc,Condo for sale,1250000,2,2,1257,131-01 40th Rd Unit 8G,"Flushing, NY 11354"
Brokered by Corcoran Brooklyn Heights,Condo for sale,1175000,1,2,1070,40 W 55th St Apt 4D,"New York, NY 10019"
Brokered by Corcoran Williamsburg Driggs,Condo for sale,1595000,3,2,1375,149 Dupont St Apt 3,"Brooklyn, NY 11222"
Brokered by Holly's Staten Island Buzz Realty Inc.,Condo for sale,1338000,3,2,2082,90 Bay Street Lndg Apt 8G,"Staten Island, NY 10301"
"Brokered by Nest Seekers International, Midtown",Condo for sale,12500000,4,4,3550,100 Vandam St Apt 6A,"New York, NY 10013"
Brokered by Ilite Realty Inc,Condo for sale,370000,3,1,462,1657 E 19th St Apt 8B,"Brooklyn, NY 11229"
Brokered by Corcoran Park Avenue South,Condo for sale,1950000,2,2,1000,200 E 89th St Apt 42B,"New York, NY 10128"
Brokered by COMPASS,Condo for sale,18500000,4,4,4856,73 Wooster St # A,"Manhattan, NY 10012"
Brokered by COMPASS,Condo for sale,8900000,5,5,4297,200 W End Ave,"Manhattan, NY 10023"
"Brokered by Erealty Advisors, Inc",Condo for sale,1439000,4,2,1625,800 Bedford Ave Unit 4,"Brooklyn, NY 11205"
"Brokered by Erealty Advisors, Inc",Condo for sale,1439000,4,2,1625,800 Bedford Ave Unit 4,"Brooklyn, NY 11205"
Brokered by Corcoran Long Island City,Condo for sale,950000,2,2,1025,1215 Broadway Apt 320,"Queens, NY 11106"
"Brokered by John Edwards Real Estate, Inc.",Condo for sale,209000,1,1,658,1594 Unionport Rd Apt 2A,"Bronx, NY 10462"
Brokered by COMPASS,Condo for sale,8250000,6,6,3920,306 Mott St Unit Phtriplex,"Manhattan, NY 10012"
Brokered by Coldwell Banker Reliable,Condo for sale,450000,1,1,724,2120 Ocean Ave Apt 5B,"Brooklyn, NY 11229"
Brokered by Keller Williams Realty Greater Nassau,Condo for sale,349980,3,1,2184,150-38 Union Tpke Unit 8L,"Flushing, NY 11367"
Brokered by Keller Williams Realty Greater Nassau,Condo for sale,349980,3,1,2184,150-38 Union Tpke Unit 8L,"Flushing, NY 11367"
Brokered by COMPASS,Condo for sale,1395000,3,4,2472,52 Convent Ave Unit 1C,"Manhattan, NY 10027"
Brokered by Brown Harris Stevens,Condo for sale,2995000,4,3,2135,303 W 113th St Unit 2,"Manhattan, NY 10026"
Brokered by Corcoran Williamsburg Bedford,Condo for sale,2099000,2,2,1447,79 Bridge St Apt 5C,"Brooklyn, NY 11201"
Brokered by COMPASS,Condo for sale,1250000,3,2,1287,365 Bridge St Apt 8J,"Brooklyn, NY 11201"
Brokered by THE BOX ADVISORY LLC,Condo for sale,625000,4,2,1268,762 Empire Blvd Apt 4D,"Brooklyn, NY 11213"
Brokered by THE BOX ADVISORY LLC,Condo for sale,625000,4,2,1268,762 Empire Blvd Apt 4D,"Brooklyn, NY 11213"
Brokered by Amorelli Realty LLC,Condo for sale,1198000,1,2,2184,22-19 33rd St Unit 1B,"Long Island City, NY 11105"
Brokered by Corcoran East Side,Condo for sale,1795000,2,2,2184,230 Riverside Dr Apt 8A,"New York, NY 10025"
Brokered by RE MAX Edge,Condo for sale,560000,3,1,622,4711 8th Ave Apt 2B,"Brooklyn, NY 11220"
"Brokered by Rising Star Realty and Property Management, Inc.",Condo for sale,735000,2,2,832,1370 Bushwick Ave Apt 2A,"Brooklyn, NY 11207"
Brokered by COMPASS,Condo for sale,1700000,2,2,1135,2 Cornelia St Apt 203,"Manhattan, NY 10014"
Brokered by Corcoran Park Avenue South,Condo for sale,12995000,4,4,4155,10 Greene St,"New York, NY 10013"
"Brokered by Nest Seekers International, Tribeca",Condo for sale,399000,3,1,391,30-38 29th St Unit 2B,"Queens, NY 11102"
Brokered by Douglas Elliman - 140 Franklin,Condo for sale,5700000,3,4,2357,565 Broome St Apt N9E,"New York, NY 10013"
Brokered by PULLINI REALTY CORP.,Condo for sale,618000,3,2,2184,2805 E 28th St Apt 1B,"Brooklyn, NY 11235"
Brokered by Corcoran West Side Gallery,Condo for sale,650000,3,1,550,382 Central Park W Apt 14T,"New York, NY 10025"
"Brokered by Tom Crimmins Realty, Ltd.",Condo for sale,239500,1,1,864,50 Fort Pl Unit 2G,"Staten Island, NY 10301"
"Brokered by Erealty Advisors, Inc",Condo for sale,1449000,4,2,1632,9 Franklin Ave,"Brooklyn, NY 11249"
Brokered by Corcoran Bedford Stuyvesant,Condo for sale,745000,2,2,2184,508A Lexington Ave # 3,"Brooklyn, NY 11221"
Brokered by Coldwell Banker Warburg,Condo for sale,7750000,3,4,2855,279 Central Park W Units 3 & 4B,"New York, NY 10024"
Brokered by COMPASS,Condo for sale,990000,1,1,791,240 Riverside Blvd Apt 14N,"Manhattan, NY 10069"
Brokered by COMPASS,Condo for sale,990000,1,1,791,240 Riverside Blvd Apt 14N,"Manhattan, NY 10069"
Brokered by COMPASS,Condo for sale,2300000,1,2,1100,900 Park Ave Apt 16C,"Manhattan, NY 10075"
Brokered by Keller Williams NYC,Condo for sale,350000,1,1,738,11 Windham Loop Apt 2GG,"Staten Island, NY 10314"
Brokered by COMPASS,Condo for sale,8495000,3,4,4781,45 Walker St Apt 2,"Manhattan, NY 10013"
Brokered by Serhant,Condo for sale,12500000,4,4,2938,71 Reade St # A,"New York, NY 10007"
"Brokered by Nest Seekers International, Midtown",Condo for sale,500000,1,2,2184,410 Fenimore St,"Brooklyn, NY 11225"
Brokered by COMPASS,Condo for sale,1895000,3,2,1929,416 W 52nd St Apt 312,"Manhattan, NY 10019"
Brokered by Sotheby's International Realty - East Side Manhattan Brokerage,Condo for sale,10850000,4,2,4372,555 W End Ave,"New York, NY 10024"
Brokered by Corcoran Park Avenue South,Condo for sale,2195000,3,2,1708,500 Park Ave # 16D,"New York, NY 10022"
Brokered by Douglas Elliman - 140 Franklin,Condo for sale,5495000,5,4,4014,270 Broadway Apt 19D,"New York, NY 10007"
Brokered by Promise Realty LLC,Condo for sale,830000,2,2,2184,213-02 42nd Ave Unit 7E,"Bayside, NY 11361"
Brokered by Avenues - Headquarters,Condo for sale,555000,3,1,2184,186 W 80th St Apt 3E,"New York, NY 10024"
Brokered by Precious Properties Corp.,Condo for sale,499000,2,1,825,9201 Shore Rd Apt A302,"Brooklyn, NY 11209"
Brokered by Sky Port Homes Llc,Condo for sale,450000,2,1,1249,113 Beach 60th St Unit 95,"Arverne, NY 11692"
Brokered by RE MAX Real Estate Professionals,Condo for sale,539000,2,2,821,1495 E 28th St Apt 3A,"Brooklyn, NY 11229"
Brokered by Awaye Realty,Condo for sale,2550000,3,2,2400,145 Huntington St Unit 147-1,"Brooklyn, NY 11231"
Brokered by COMPASS,Condo for sale,595000,1,1,574,26 W 127th St Unit Garden,"Manhattan, NY 10027"
Brokered by Hometown Properties,Condo for sale,2799000,3,3,2350,105 15th St Unit Ph,"Brooklyn, NY 11215"
"Brokered by Homes R Us Realty of NY, Inc.",Condo for sale,340000,1,1,850,2925 W 5th St Apt 12H,"Brooklyn, NY 11224"
Brokered by Brown Harris Stevens,Condo for sale,15500000,5,5,4193,1045 Madison Ave Apt 11,"Manhattan, NY 10075"
"Brokered by Nest Seekers International, Midtown",Condo for sale,8950000,2,2,2270,212 W 18th St Apt 19C,"New York, NY 10011"
Brokered by Corcoran East Side,Condo for sale,1295000,2,2,1160,1641 Third Ave Apt 3H,"New York, NY 10128"
Brokered by Wonica REALTORS & Appraisers,Condo for sale,593000,2,2,1312,31 Hylan Blvd Apt 2B,"Staten Island, NY 10305"
Brokered by Pyramid Home Realty Corp.,Condo for sale,499900,2,2,960,491 Midland Ave,"Staten Island, NY 10306"
Brokered by Elegran Real Estate And Development,Condo for sale,540000,3,1,509,150 E 37th St Apt 4B,"New York, NY 10016"
Brokered by E Realty International Corp,Condo for sale,579000,2,2,750,140-31 Cherry Ave Unit 9A,"Flushing, NY 11355"
Brokered by COMPASS,Condo for sale,1995000,2,3,1838,298 E 2nd St Apt 4,"Manhattan, NY 10009"
Brokered by Corcoran Chelsea/Flatiron,Condo for sale,15000000,4,4,2184,70 W 45th St Ph 2,"New York, NY 10036"
Brokered by Keller Williams NYC,Condo for sale,520000,2,1,741,105 Bennett Ave Unit 54B,"New York, NY 10033"
Brokered by Apple Realty Group Corp,Condo for sale,700000,2,2,1124,168-03 Powells Cove Blvd Unit 14,"Whitestone, NY 11357"
Brokered by COMPASS,Condo for sale,500000,1,1,720,232 E 118th St Apt 5B,"Manhattan, NY 10035"
Brokered by Matias Real Estate,Condo for sale,674999,3,1,1299,90 Bay Street Lndg Apt 6K,"Staten Island, NY 10301"
Brokered by Brown Harris Stevens,Condo for sale,995000,2,2,1030,575 4th Ave Apt 2A,"Brooklyn, NY 11215"
Brokered by Keller Williams NYC,Condo for sale,700000,1,2,900,138 Edgecombe Avenue Gdn Unit 1A,"New York, NY 10030"
Brokered by Corcoran Park Slope,Condo for sale,450000,3,1,494,4907 4th Ave Apt 3C,"Brooklyn, NY 11220"
Brokered by Serhant,Condo for sale,3890000,3,4,2446,219 E 44th St Unit 31,"New York, NY 10017"
"Brokered by Nest Seekers International, Midtown",Condo for sale,499000,1,1,845,2068 Ocean Ave Apt 2B,"Brooklyn, NY 11230"
"Brokered by EXP REALTY, LLC",Condo for sale,395000,1,1,519,70-13 Park Dr Unit A,"Queens, NY 11367"
Brokered by B Square Realty,Condo for sale,528000,2,1,753,69-88 136th St Unit B,"Flushing, NY 11367"
"Brokered by NEUHAUS REALTY, INC.",Condo for sale,420000,2,1,840,1286 Rockland Ave Unit 2HH,"Staten Island, NY 10314"
Brokered by Sotheby's International Realty - East Side Manhattan Brokerage,Condo for sale,1750000,3,2,1494,203 W 81st St Apt 2A,"New York, NY 10024"
Brokered by Corcoran West Side,Condo for sale,4295000,3,2,2615,426 W 58th St Ph 3,"New York, NY 10019"
"Brokered by Nest Seekers International, Midtown",Condo for sale,1350000,2,1,2184,659 Baltic St Unit Ph,"Brooklyn, NY 11217"
"Brokered by Nest Seekers International, Midtown",Condo for sale,2375000,2,2,986,3 Court Sq W Ph 202,"Queens, NY 11101"
Brokered by Prospes Real Estate Corp,Condo for sale,899999,3,3,1750,148-09 Northern Blvd Unit 5G,"Flushing, NY 11354"
Brokered by Prospes Real Estate Corp,Condo for sale,899999,3,3,1750,148-09 Northern Blvd Unit 5G,"Flushing, NY 11354"
Brokered by COMPASS,Condo for sale,1325000,3,2,1597,9511 Shore Rd Apt 503,"Brooklyn, NY 11209"
Brokered by Keller Williams Realty Central Monmouth,Condo for sale,330000,1,1,726,215 Hart Blvd Apt 2B,"Staten Island, NY 10301"
Brokered by COMPASS,Condo for sale,2998000,3,3,1763,46-30 Center Blvd Ph 4,"Queens, NY 11109"
NoBroker,Condo for sale,999000,2,2,1187,133-38 Sanford Ave Unit 16D,"Flushing, NY 11355"
Brokered by Vylla Home,Condo for sale,261250,2,1,857,1017 Faile St Unit 1017B,"Bronx, NY 10459"
Brokered by City Realty Group,Condo for sale,728000,3,2,1450,41-38 66th St Unit 5B,"Woodside, NY 11377"
Brokered by COMPASS,Condo for sale,1950000,3,3,1300,300 E 85th St Unit 1103/1104,"Manhattan, NY 10028"
Brokered by HIGH CLASS REALTY SB LLC.,Condo for sale,569000,1,1,739,390 Kings Hwy Apt 5D,"Brooklyn, NY 11223"
Brokered by Douglas Elliman - 575 Madison Ave,Condo for sale,4750000,4,4,4100,116 W 14th St Fl 4,"New York, NY 10011"
Brokered by COMPASS,Condo for sale,3995000,3,3,1637,450 W 17th St Apt 1709,"Manhattan, NY 10011"
Brokered by Keller Williams NYC,Condo for sale,744000,2,1,890,32-86 33rd St Unit D7,"Queens, NY 11106"
Brokered by Douglas Elliman - 575 Madison Ave,Condo for sale,4595000,4,4,3052,619 E 6th St Unit 1,"New York, NY 10009"
Brokered by Canaan Realty International,Condo for sale,1450000,3,3,1855,40-26 College Point Blvd Unit 18F,"Flushing, NY 11354"
Brokered by Keller Williams Legendary,Condo for sale,6500000,2,2,1639,1600 Broadway Ph 4C,"New York, NY 10019"
Brokered by Corcoran Brooklyn Heights,Condo for sale,780000,2,2,825,618 Avenue H # 5E,"Brooklyn, NY 11230"
Brokered by The Agency,Condo for sale,2249000,2,3,2321,211 Madison Ave Unit 22A,"New York, NY 10016"
Brokered by Century Homes Realty Group LLC,Condo for sale,628000,3,2,900,82-25 Queens Blvd Unit 3D,"Elmhurst, NY 11373"
Brokered by Han Tang Realty Inc.,Condo for sale,285000,2,1,835,1527 Metropolitan Ave Apt 4G,"Bronx, NY 10462"
Brokered by COMPASS,Condo for sale,595000,3,1,915,609 Myrtle Ave Unit CF1,"Brooklyn, NY 11205"
Brokered by Continental Real Estate Group,Condo for sale,899000,2,2,1697,90 Bay Street Lndg Apt 5I,"Staten Island, NY 10301"
Brokered by Howard Hanna | Rand Realty,Condo for sale,525000,3,2,1185,170 Mermaid Ln Unit 270,"Bronx, NY 10473"
Brokered by COMPASS,Condo for sale,2200000,2,2,1308,32 E 76th St Apt 805,"Manhattan, NY 10021"
Brokered by Serhant,Condo for sale,1949000,2,2,1288,277 E 7th St Apt 2,"New York, NY 10009"
Brokered by Diamond Real Inc,Condo for sale,1999999,3,3,1800,70 Oceana Dr W Ph 1D,"Brooklyn, NY 11235"
Brokered by Brown Harris Stevens,Condo for sale,1750000,1,1,937,114 E 13th St Apt 3D,"Manhattan, NY 10003"
Brokered by COMPASS,Condo for sale,3000000,3,3,2100,418 E 59th St # B,"Manhattan, NY 10022"
Brokered by Sotheby's International Realty - Downtown Manhattan,Condo for sale,1000000,1,1,773,18 W 48th St Apt 9C,"New York, NY 10036"
Brokered by B Square Realty,Condo for sale,555000,1,1,649,158-15 Union Tpke Unit 411N,"Fresh Meadows, NY 11366"
"Brokered by KMS Realty Group, Inc.",Condo for sale,948888,2,2,950,115 96th St Apt 6A,"Brooklyn, NY 11209"
Brokered by COMPASS,Condo for sale,2595000,3,3,1449,200 E 94th St Apt 2610,"Manhattan, NY 10128"
Brokered by COMPASS,Condo for sale,750000,1,1,654,129 Meserole St Apt 3B,"Brooklyn, NY 11206"
Brokered by E House Realty & Mgt. Inc.,Condo for sale,713000,2,2,1040,217 Bay 49th St Unit 3A,"Brooklyn, NY 11214"
Brokered by Douglas Elliman  -111 Fifth Ave,Condo for sale,5925000,3,4,2539,30 Front St Unit 15A,"Brooklyn, NY 11201"
Brokered by Douglas Elliman  -111 Fifth Ave,Condo for sale,5925000,3,4,2539,30 Front St Unit 15A,"Brooklyn, NY 11201"
Brokered by B Square Realty,Condo for sale,599000,2,2,705,37-32 89th St Unit 1B,"Jackson Heights, NY 11372"
Brokered by Brown Harris Stevens,Condo for sale,11500000,5,5,5276,39 Lispenard St Unit 3RDFLOOR,"Manhattan, NY 10013"
Brokered by New Group Realty Inc,Condo for sale,729000,2,2,950,149-06 Northern Blvd Unit 303,"Flushing, NY 11354"
Brokered by Sotheby's International Realty - Downtown Manhattan,Condo for sale,3995000,4,3,2578,171 W 57th St Apt 8C,"New York, NY 10019"
Brokered by Douglas Elliman - 936 Broadway,Condo for sale,1999999,4,3,2729,50 Pine St Apt 2,"New York, NY 10005"
Brokered by Tri State Han Mi Realty Inc,Condo for sale,699000,2,2,1030,147-48 Roosevelt Ave Unit 2C,"Flushing, NY 11354"
Brokered by REALHome Services & Solutions,Condo for sale,1086300,2,1,780,203 W 81st St Apt 4E,"New York, NY 10024"
Brokered by Corcoran Chelsea/Flatiron,Condo for sale,549000,2,2,2184,247 MT Hope Pl Apt 1,"Bronx, NY 10457"
Brokered by Corcoran Chelsea/Flatiron,Condo for sale,2800000,2,2,1412,230 W 56th St Apt 62B,"New York, NY 10019"
Brokered by Douglas Elliman - 575 Madison Ave,Condo for sale,2500000,2,2,1250,350 W 42nd St Ph D,"New York, NY 10036"
Brokered by Charles Rutenberg Realty Inc,Condo for sale,825000,3,2,2184,63-14 Queens Blvd Unit 3L,"Woodside, NY 11377"
Brokered by Douglas Elliman - 575 Madison Ave,Condo for sale,875000,2,1,922,1437 Hancock St # B,"Brooklyn, NY 11237"
Brokered by P R O Links Realty Inc,Condo for sale,485000,1,1,575,62-96 Woodhaven Blvd Unit 5R,"Rego Park, NY 11374"
"Brokered by Nest Seekers International, Midtown",Condo for sale,399000,3,2,2184,30-38 29th St,"Queens, NY 11102"
Brokered by Century Homes Realty Group LLC,Condo for sale,465000,2,2,708,104-21 39th Ave Unit 212D,"Corona, NY 11368"
Brokered by RE MAX 1st Choice,Condo for sale,685000,2,2,2184,64-34 Grand Central Pkwy Unit 1B,"Forest Hills, NY 11375"
Brokered by ACKERMAN VLADA,Condo for sale,550000,3,2,2184,702 Ocean Pkwy Apt 1A,"Brooklyn, NY 11230"
Brokered by Citywide Deals,Condo for sale,1899000,3,2,1900,105 Oceana Dr E Ph 1D,"Brooklyn, NY 11235"
Brokered by Douglas Elliman - 1995 Broadway,Condo for sale,7995000,3,4,2184,101 W 67th St Ph 1D,"New York, NY 10023"
Brokered by Jamie & Connie Real Estate Grp,Condo for sale,548000,1,1,950,144-85 Roosevelt Ave Unit 5E,"Flushing, NY 11354"
Brokered by Sotheby's International Realty - East Side Manhattan Brokerage,Condo for sale,950000,1,1,560,323 E 53rd Street Ter Ste B,"New York, NY 10022"
Brokered by Corcoran East Side,Condo for sale,1695000,1,2,1072,70 Washington St Ph R,"Brooklyn, NY 11201"
Brokered by Corcoran East Side,Condo for sale,1100000,2,2,2184,77 W 55th St # 2AK,"New York, NY 10019"
Brokered by Douglas Elliman - 575 Madison Ave,Condo for sale,5000000,2,2,1780,641 Fifth Ave Unit 42H,"New York, NY 10022"
Brokered by COMPASS,Condo for sale,425000,1,1,603,640 Ditmas Ave Apt 29,"Brooklyn, NY 11218"
Brokered by Jamie & Connie Real Estate Grp,Condo for sale,660000,2,2,970,82-25 Queens Blvd Unit 4A,"Elmhurst, NY 11373"
"Brokered by Nest Seekers International, Midtown",Condo for sale,1175000,2,2,1072,90 William St Apt 6C,"New York, NY 10038"
Brokered by COMPASS,Condo for sale,425000,1,1,603,640 Ditmas Ave Apt 29,"Brooklyn, NY 11218"
Brokered by Brown Harris Stevens,Condo for sale,1250000,2,2,1057,575 4th Ave Apt 10D,"Brooklyn, NY 11215"
Brokered by Serhant,Condo for sale,1465000,2,1,1107,61 N Henry St Fl 4,"Brooklyn, NY 11222"
Brokered by Chous Realty Group Inc,Condo for sale,269000,3,1,485,2900 Ocean Ave Apt 5N,"Brooklyn, NY 11235"
Brokered by RE MAX Edge,Condo for sale,799000,5,2,1500,1025 45th St Unit 4,"Brooklyn, NY 11219"
Brokered by COMPASS,Condo for sale,2110000,2,2,1326,327 E 22nd St Unit 6A,"Manhattan, NY 10010"
Brokered by Myrta55 Real Estate - Myrta 55 Real Estate,Condo for sale,539000,2,1,708,307 72nd St Apt 4B,"Brooklyn, NY 11209"
Brokered by COMPASS,Condo for sale,2700000,3,3,1689,555 W 59th St Apt 19B,"Manhattan, NY 10019"
"Brokered by Modern Spaces, LLC",Condo for sale,898000,1,2,1340,215 Cornelia St Unit 1A,"Brooklyn, NY 11221"
Brokered by Broadway Realty,Condo for sale,2300000,2,2,1163,515 E 72nd St Apt 29D,"New York, NY 10021"
Brokered by Island Advantage Realty Llc,Condo for sale,594900,2,1,729,306 Lincoln Rd Apt 2L,"Brooklyn, NY 11225"
Brokered by CENTURY 21 Homefront,Condo for sale,639000,2,2,800,144-49 Barclay Ave Unit 7B,"Queens, NY 11355"
Brokered by Century 21 Bay Benjamin,Condo for sale,349000,3,1,500,2 Bay Club Dr Apt 15Z4,"Bayside, NY 11360"
Brokered by Gateway Arms Realty Corp.,Condo for sale,560000,2,2,1008,155 Bay St Apt 4F,"Staten Island, NY 10301"
Brokered by Brown Harris Stevens - 445 Park Avenue,Condo for sale,699900,3,1,558,80 Park Avenue Ave Unit 10B,"Manhattan, NY 10016"
Brokered by ALTA Real Estate,Condo for sale,1650000,3,2,1493,150 W 51st St Apt 2116,"New York, NY 10019"
Brokered by COMPASS,Condo for sale,1249000,2,2,2158,271 McDonald Ave Apt 1A,"Brooklyn, NY 11218"
Brokered by Brown Harris Stevens - 445 Park Avenue,Condo for sale,699900,3,1,558,80 Park Avenue Ave Unit 10B,"Manhattan, NY 10016"
Brokered by BHHS New York Properties,Condo for sale,2255000,2,2,1450,540 W 49th St Ph 8N,"New York, NY 10019"
Brokered by Corcoran East Side,Condo for sale,4750000,3,2,2060,40 E 62nd St Apt 5W,"New York, NY 10065"
Brokered by Jamie & Connie Real Estate Grp,Condo for sale,550000,1,1,721,42-31 Colden St Unit F6D,"Flushing, NY 11355"
Brokered by RE MAX Edge,Condo for sale,888000,2,2,1146,1238 63rd St Apt D324,"Brooklyn, NY 11219"
Brokered by Henry Watts Real Estate Corporation,Condo for sale,375000,3,1,2184,454 Nostrand Ave Unit B,"Brooklyn, NY 11216"
Brokered by Serhant,Condo for sale,10800000,5,6,4544,50 Bridge Park Dr Unit 22AB,"Brooklyn, NY 11201"
Brokered by qvtopservice,Condo for sale,599999,2,1,932,478 Bainbridge St Apt 3A,"Bedford Stuyvesant, NY 11233"
Brokered by Block & Lot Real Estate SVC,Condo for sale,699000,3,2,1290,80-06 47th Ave Unit 4P,"Elmhurst, NY 11373"
Brokered by Douglas Elliman - 575 Madison Ave,Condo for sale,590000,3,1,579,400 Central Park W Apt 3T,"New York, NY 10025"
Brokered by E Realty International Corp,Condo for sale,838000,3,2,706,48 Market St Apt 3A,"New York, NY 10002"
Brokered by Corcoran Brooklyn Heights,Condo for sale,1345000,1,2,752,140 E 63rd St # 4MN,"New York, NY 10065"
Brokered by Brown Harris Stevens,Condo for sale,995000,3,2,1175,2545 Frederick Douglass Blvd Apt D,"Manhattan, NY 10030"
Brokered by BESMATCH REAL ESTATE,Condo for sale,330000,3,2,1067,776 Brook Ave Unit 33B,"Bronx, NY 10451"
Brokered by Great Riches Realty,Condo for sale,665000,2,1,1120,80-09 35th Ave Unit A8,"Jackson Heights, NY 11372"
Brokered by Corcoran Williamsburg Bedford,Condo for sale,899000,1,2,1151,95 Dikeman St Apt 1R,"Brooklyn, NY 11231"
Brokered by City Connections Realty,Condo for sale,1385000,1,2,875,301 W 57th St Apt 34E,"New York, NY 10019"
Brokered by City Connections Realty,Condo for sale,1385000,1,2,875,301 W 57th St Apt 34E,"New York, NY 10019"
Brokered by Brown Harris Stevens,Condo for sale,625000,3,1,458,173 McGuinness Blvd Unit 3C,"Brooklyn, NY 11222"
Brokered by Ben Bay Rlty Co. Of Ave U Llc,Condo for sale,299000,1,1,671,837 Washington Ave Apt 4A,"Bronx, NY 10451"
Brokered by The Agency,Condo for sale,15250000,4,5,4264,551 W 21st St Apt 15A,"New York, NY 10011"
Brokered by Keller Williams Realty Liberty,Condo for sale,225000,3,1,2184,971 Jerome St Apt 3A,"Brooklyn, NY 11207"
Brokered by Prime Ny Inc.,Condo for sale,975000,2,1,1164,20 West St Unit 18,"Manhattan, NY 10004"
Brokered by Corcoran Park Slope,Condo for sale,2250000,3,2,2184,353 3rd St Apt 5B,"Brooklyn, NY 11215"
Brokered by EXP Realty,Condo for sale,350000,3,2,2184,527 E 156th St Unit 67C,"Bronx, NY 10455"
Brokered by EXP Realty,Condo for sale,469000,2,1,780,104-33 39th Ave Unit 3D-A,"Corona, NY 11368"
Brokered by Daniel Gale Sotheby's International Realty,Condo for sale,1355000,3,2,2184,316 22nd St Unit 1B,"Brooklyn, NY 11215"
Brokered by DiTommaso Real Estate,Condo for sale,285000,1,1,613,20 Cliff St Apt 5H,"Staten Island, NY 10305"
Brokered by Johnson Michael,Condo for sale,489000,2,2,1100,1075 E 72nd St Unit 43,"Brooklyn, NY 11234"
Brokered by Serhant,Condo for sale,9995000,4,4,2918,1049 Fifth Ave Unit 17B,"New York, NY 10028"
Brokered by New Group Realty Inc,Condo for sale,1050000,4,2,2800,1025 45th St Apt 1D,"Brooklyn, NY 11219"
Brokered by E House Realty & Mgt. Inc.,Condo for sale,698000,1,1,721,18 Eldridge St Apt 2B,"New York, NY 10002"
Brokered by Winzone Realty Inc,Condo for sale,558000,2,1,747,22-40 80th St Unit 133F,"East Elmhurst, NY 11370"
Brokered by Peter Ashe Real Estate- Peter Ashe Real Estate,Condo for sale,1900000,2,2,1035,220 E 65th St Apt 20B,"New York, NY 10065"
Brokered by Corcoran East Side,Condo for sale,2150000,3,3,1315,389 E 89th St Apt 17G,"New York, NY 10128"
Brokered by ARGO - Argo Residential,Condo for sale,568000,1,1,680,62 54 97th Pl Unit 16G,"Queens, NY 11374"
"Brokered by Nest Seekers International, Midtown",Condo for sale,660400,1,2,2184,3 Court Sq W,"Queens, NY 11101"
"Brokered by Nest Seekers International, Midtown",Condo for sale,1199999,2,2,1197,143 Meserole St Unit Garden,"Brooklyn, NY 11206"
Brokered by E Realty International Corp,Condo for sale,630000,2,2,2184,5-42 115th St Unit A,"College Point, NY 11356"
Brokered by COMPASS,Condo for sale,1649000,3,2,2184,401 E 89th St Apt 10K,"Manhattan, NY 10128"
Brokered by COMPASS,Condo for sale,845000,1,1,692,510 E 80th St Apt 12D,"Manhattan, NY 10075"
Brokered by Douglas Elliman - 936 Broadway,Condo for sale,995000,1,1,2184,382 Central Park W Apt 18L,"New York, NY 10025"
Brokered by Sotheby's International Realty - Downtown Manhattan,Condo for sale,4995000,3,4,3750,213 W 23rd St Apt 5N,"New York, NY 10011"
Brokered by Highline Residential - Highline Residential,Condo for sale,3200000,3,3,1820,675 Sackett St Apt 105,"Brooklyn, NY 11217"
Brokered by Corcoran Park Avenue South,Condo for sale,1599000,2,2,1400,1600 Broadway Apt 16G,"New York, NY 10019"
"Brokered by Robert DeFalco Realty, Inc.",Condo for sale,249999,1,1,596,215 Hart Blvd Apt 3J,"Staten Island, NY 10301"
Brokered by Coldwell Banker Reliable Real Estate,Condo for sale,879000,2,2,1278,435 E 117th St Apt 3,"New York, NY 10035"
Brokered by Corcoran Brooklyn Heights,Condo for sale,750000,2,2,732,109 Troutman St # 3B,"Brooklyn, NY 11206"
Brokered by COMPASS,Condo for sale,780000,2,2,847,158-16 79th Ave Unit 205N,"Queens, NY 11366"
"Brokered by BEN BAY REALTY, CO.",Condo for sale,995000,4,2,1782,956 79th St Unit 3B,"Brooklyn, NY 11228"
Brokered by Serhant,Condo for sale,875000,3,1,294,11 E 68th St Unit 7J,"New York, NY 10065"
Brokered by Corcoran Park Avenue South,Condo for sale,1995000,1,1,826,28 E 10th St Apt 1K,"New York, NY 10003"
Brokered by Fillmore Real Estate,Condo for sale,820000,1,2,788,35 McDonald Ave Apt 3F,"Brooklyn, NY 11218"
Brokered by VYLLA HOME,Condo for sale,1475000,2,3,1397,347 W 57th St Apt 29C,"New York, NY 10019"
Brokered by COMPASS,Condo for sale,1225000,2,2,1050,159 W 53rd St Apt 36B,"Manhattan, NY 10019"
"Brokered by CORE Group Marketing, LLC",Condo for sale,2999999,2,2,1770,45 E 80th St Apt 11B,"New York, NY 10075"
Brokered by Brown Harris Stevens,Condo for sale,1540000,3,3,1357,575 4th Ave Apt 4C,"Brooklyn, NY 11215"
Brokered by VYLLA HOME,Condo for sale,1475000,2,3,1397,347 W 57th St Apt 29C,"New York, NY 10019"
Brokered by COMPASS,Condo for sale,1225000,2,2,1050,159 W 53rd St Apt 36B,"Manhattan, NY 10019"
"Brokered by CORE Group Marketing, LLC",Condo for sale,2999999,2,2,1770,45 E 80th St Apt 11B,"New York, NY 10075"
Brokered by Keller Williams NYC,Condo for sale,695000,2,2,889,42 W 120th St Apt 2D,"New York, NY 10027"
Brokered by Highline Residential - Highline Residential,Condo for sale,650000,1,1,776,300 Albany St Apt 3D,"New York, NY 10280"
Brokered by Corcoran Chelsea/Flatiron,Condo for sale,4495000,3,3,2012,252 E 57th St Apt 39C,"New York, NY 10022"
Brokered by Corcoran Brooklyn Heights,Condo for sale,1049000,3,1,897,85 N 3rd St Apt 504,"Brooklyn, NY 11249"
Brokered by Serhant,Condo for sale,9995000,3,4,2950,10 Sullivan St Unit 10A,"New York, NY 10012"
Brokered by RITZ REALTY NY CORP.,Condo for sale,680000,2,1,640,4016 7th Ave Unit 2R,"Brooklyn, NY 11232"
Brokered by Douglas Elliman - 575 Madison Ave,Condo for sale,2175000,2,2,1666,243 W 60th St Apt 4A,"New York, NY 10023"
NoBroker,Condo for sale,2795000,3,3,1689,555 W 59th St Apt 20B,"Manhattan, NY 10019"
Brokered by Homemax Realty Inc,Condo for sale,679000,2,2,879,511 68th St Apt 1A,"Brooklyn, NY 11220"
Brokered by Bond New York- Columbus Circle,Condo for sale,600000,1,1,600,1810 Third Ave Unit A9,"Manhattan, NY 10029"
Brokered by COMPASS,Condo for sale,649000,1,1,665,145 W 129th St Apt 2,"Manhattan, NY 10027"
Brokered by RE MAX Edge,Condo for sale,538000,2,1,1105,2546 Stillwell Ave Apt 3B,"Brooklyn, NY 11223"
Brokered by Hauseit LLC - Hauseit LLC,Condo for sale,4145000,2,2,1593,111 Murray St Apt 17A,"New York, NY 10007"
Brokered by COMPASS,Condo for sale,15500000,4,4,4064,1 Central Park S Unit 1801,"Manhattan, NY 10019"
Brokered by Corcoran Park Avenue South,Condo for sale,570000,3,1,515,250 S End Ave Apt 12F,"New York, NY 10280"
Brokered by Serhant,Condo for sale,1950000,1,2,1117,345 W 14th St Apt 3E,"New York, NY 10014"
Brokered by Serhant,Condo for sale,1950000,1,2,1117,345 W 14th St Apt 3E,"New York, NY 10014"
Brokered by Douglas Elliman - 575 Madison Ave,Condo for sale,1450000,3,2,1117,333 E 30th St Apt 8L,"New York, NY 10016"
Brokered by Douglas Elliman - 575 Madison Ave,Condo for sale,2980000,3,3,1756,1280 Fifth Ave Ph B,"New York, NY 10029"
Brokered by Rk Capital Group Llc,Condo for sale,568000,1,1,2184,69-45 108th St Unit 2A,"Forest Hills, NY 11375"
Brokered by Sotheby's International Realty - Downtown Manhattan,Condo for sale,950000,1,1,2184,29 W 65th St Apt 2F,"New York, NY 10023"
Brokered by Serhant,Condo for sale,2000000,2,2,1441,50 Bridge Park Dr Apt 3D,"Brooklyn, NY 11201"
Brokered by Corcoran East Side,Condo for sale,7600000,4,4,3216,100 Barclay St Apt 20C,"New York, NY 10007"
Brokered by REAL NEW YORK - Chelsea,Condo for sale,575000,1,1,1073,456 W 167th St Apt 6G,"New York, NY 10032"
Brokered by Corcoran East Side,Condo for sale,7600000,4,4,3216,100 Barclay St Apt 20C,"New York, NY 10007"
Brokered by Corcoran Long Island City,Condo for sale,695000,3,2,704,888 Fulton St Apt 3A,"Brooklyn, NY 11238"
Brokered by Corcoran Bedford Stuyvesant,Condo for sale,899000,2,1,1010,568 Saint Marks Ave Apt 3A,"Brooklyn, NY 11216"
Brokered by Corcoran Westside Columbus,Condo for sale,900000,2,2,951,77 E 110th St Apt 5B,"New York, NY 10029"
Brokered by COMPASS,Condo for sale,5100000,2,2,1676,1 Central Park S Unit 606,"Manhattan, NY 10019"
Brokered by City Connections Realty,Condo for sale,8500000,3,3,2080,15 W 63rd St Apt 21A,"New York, NY 10023"
Brokered by RE MAX Boutique Realty,Condo for sale,1075000,3,4,2740,4 Marisa Ct Unit 4A,"Bronx, NY 10465"
Brokered by COMPASS,Condo for sale,950000,3,1,660,425 W 50th St Apt 12B,"Manhattan, NY 10019"
Brokered by E Realty International Corp,Condo for sale,598000,1,1,663,132-36 Pople Ave Unit 3E,"Flushing, NY 11355"
Brokered by Corcoran SoHo,Condo for sale,6998000,4,4,3000,55 Vestry St Apt 6C,"New York, NY 10013"
Brokered by Winzone Realty Inc,Condo for sale,349000,3,1,2184,43-33 48 St Unit 4J,"Sunnyside, NY 11104"
Brokered by City Connections Realty,Condo for sale,870000,1,1,620,347 W 57th St Apt 6B,"New York, NY 10019"
Brokered by Corcoran West Side,Condo for sale,10900000,5,6,3633,39 W 23rd St # N,"New York, NY 10010"
Brokered by Ashford Homes LLC,Condo for sale,640000,1,1,1022,1238 63rd St Unit 204,"Brooklyn, NY 11219"
Brokered by Corcoran West Side,Condo for sale,10900000,5,6,3633,39 W 23rd St # N,"New York, NY 10010"
Brokered by Ashford Homes LLC,Condo for sale,640000,1,1,1022,1238 63rd St Unit 204,"Brooklyn, NY 11219"
Brokered by COMPASS,Condo for sale,1025000,1,1,787,105 Norfolk St Apt 3A,"Manhattan, NY 10002"
Brokered by Douglas Elliman - 936 Broadway,Condo for sale,2449000,3,2,1744,90 E End Ave Apt 6B,"New York, NY 10028"
Brokered by COMPASS,Condo for sale,700000,3,1,474,246 Spring St Unit 4111,"Manhattan, NY 10013"
Brokered by Corcoran East Side,Condo for sale,2350000,4,2,1847,375 W 123rd St # 7B,"New York, NY 10027"
Brokered by Winzone Realty Inc,Condo for sale,456000,1,1,2184,42-39 Judge St Unit 2B,"Elmhurst, NY 11373"
"Brokered by Nest Seekers International, Midtown",Condo for sale,5350000,3,4,2491,522 W 29th St Apt 3A,"New York, NY 10001"
Brokered by RE MAX Real Estate Professionals,Condo for sale,628000,3,2,1097,238 56th St Apt 1F,"Brooklyn, NY 11220"
Brokered by COMPASS,Condo for sale,1750000,1,1,2184,502 Park Ave Apt 12K,"Manhattan, NY 10022"
Brokered by COMPASS,Condo for sale,2400000,2,2,1375,12 E 88th St Apt 9C,"Manhattan, NY 10128"
Brokered by Sotheby's International Realty - Downtown Manhattan,Condo for sale,5799000,3,4,2497,1 John St Apt 4B,"Brooklyn, NY 11201"
Brokered by COMPASS,Condo for sale,3500000,3,2,1896,189 Prospect Pl Apt 2,"Brooklyn, NY 11238"
Brokered by CENTURY 21 METRO STAR,Condo for sale,209000,1,1,2184,1470 East Ave Apt 4D,"Bronx, NY 10462"
"Brokered by CORE Group Marketing, LLC",Condo for sale,5900000,3,3,2706,241 Fifth Ave Ph 15,"New York, NY 10016"
Brokered by Oxford Property Group,Condo for sale,1450000,2,2,1175,123 Washington St Apt 33B,"New York, NY 10006"
"Brokered by CORE Group Marketing, LLC",Condo for sale,2990000,3,2,1721,77 Greenwich St Apt 16A,"New York, NY 10006"
NoBroker,Condo for sale,888000,3,2,1700,956 79th St Unit 1B,"Brooklyn, NY 11228"
Brokered by COMPASS,Condo for sale,1995000,1,2,910,29 W 85th St Unit 1,"Manhattan, NY 10024"
Brokered by Corcoran Williamsburg Bedford,Condo for sale,615000,2,1,733,148-09 Northern Blvd Apt 4F,"Queens, NY 11354"
"Brokered by Tom Crimmins Realty, Ltd.",Condo for sale,209000,1,1,650,1000 Clove Rd Apt 5D,"Staten Island, NY 10301"
NoBroker,Condo for sale,771770,2,2,710,134-16 35th Ave Unit 11D,"Flushing, NY 11354"
Brokered by Sotheby's International Realty - East Side Manhattan Brokerage,Condo for sale,3550000,3,2,2693,144 W 18th St Apt 3E,"New York, NY 10011"
Brokered by COMPASS,Condo for sale,645000,3,1,419,181 7th Ave Apt 5A,"Manhattan, NY 10011"
NoBroker,Condo for sale,771770,2,2,710,134-16 35th Ave Unit 11D,"Flushing, NY 11354"
Brokered by COMPASS,Condo for sale,1250000,2,2,1434,380 Lenox Ave Unit 4B,"Manhattan, NY 10027"
Brokered by Serhant,Condo for sale,7990000,5,4,5202,46 Laight St Unit Maisonette,"New York, NY 10013"
"Brokered by Nest Seekers International, Tribeca",Condo for sale,7750000,3,3,2184,65 W 13th St Ph 1B,"New York, NY 10011"
Brokered by Serhant,Condo for sale,7990000,5,4,5202,46 Laight St Unit Maisonette,"New York, NY 10013"
Brokered by Cross Country Realty,Condo for sale,250000,3,1,2184,380 Cozine Ave Apt 2A,"Brooklyn, NY 11207"
Brokered by Serhant,Condo for sale,1195000,1,1,713,57 Reade St Apt 12E,"New York, NY 10007"
Brokered by Peter Ashe Real Estate- Peter Ashe Real Estate,Condo for sale,599000,1,1,2184,158 E 100th St Apt 2R,"New York, NY 10029"
Brokered by Serhant,Condo for sale,1195000,1,1,713,57 Reade St Apt 12E,"New York, NY 10007"
Brokered by E Realty International Corp,Condo for sale,450888,1,1,2184,63-60 102nd St Unit B14,"Rego Park, NY 11374"
Brokered by B Square Realty,Condo for sale,748000,2,2,713,41-62 Bowne St Unit 3D,"Flushing, NY 11355"
Brokered by COMPASS,Condo for sale,18950000,4,4,5075,27 Wooster St Unit 7A,"Manhattan, NY 10013"
Brokered by TURFNYC LLC,Condo for sale,2300000,2,2,1035,108 W 75th St Apt 3,"New York, NY 10023"
Brokered by Houlihan Lawrence Commercial,Condo for sale,510000,2,2,972,112 Sunset Blvd Unit 11112,"Bronx, NY 10473"
Brokered by Douglas Elliman  -111 Fifth Ave,Condo for sale,825000,2,2,1001,234 W 148th St Apt 6A,"New York, NY 10039"
Brokered by Sotheby's International Realty - East Side Manhattan Brokerage,Condo for sale,6895000,2,2,2114,217 W 57th St Apt 35F,"New York, NY 10019"
Brokered by RE MAX Real Estate Professionals,Condo for sale,565000,1,1,804,1721 W 6th St Apt 4B,"Brooklyn, NY 11223"
Brokered by RE MAX Real Estate Professionals,Condo for sale,565000,1,1,804,1721 W 6th St Apt 4B,"Brooklyn, NY 11223"
Brokered by RE/MAX Town & Country,Condo for sale,320000,2,1,802,1705 Purdy St Apt 9G,"Bronx, NY 10462"
Brokered by Century Homes Realty Group LLC,Condo for sale,418000,1,1,684,120-17 Cove Ct Unit 91B,"College Point, NY 11356"
Brokered by Martini Real Estate - Martini Real Estate,Condo for sale,1325000,2,2,2184,40 W 55th St Apt 8D,"New York, NY 10019"
Brokered by COMPASS,Condo for sale,1750000,6,3,3364,1184 Nostrand Ave,"Brooklyn, NY 11225"
Brokered by The Bouklis Group - The Bouklis Group Astoria,Condo for sale,445000,3,1,402,25-74 34th St Unit 1C,"Astoria, NY 11103"
Brokered by Sotheby's International Realty - East Side Manhattan Brokerage,Condo for sale,5950000,2,2,1853,173 Perry St # 8N,"New York, NY 10014"
Brokered by COMPASS,Condo for sale,599000,1,1,626,333 E 109th St Apt 2A,"Manhattan, NY 10029"
Brokered by Oxford Property Group,Condo for sale,420000,1,1,668,120 Ocean View Ave Unit 2C,"Brooklyn, NY 11235"
Brokered by COMPASS,Condo for sale,11000000,4,4,3452,177 9th Ave Ph A,"Manhattan, NY 10011"
Brokered by Brown Harris Stevens,Condo for sale,779000,1,1,638,250 E 30th St Apt 6B,"Manhattan, NY 10016"
Brokered by Engel & V,Condo for sale,9975000,3,3,2241,15 Central Park W Apt 16G,"New York, NY 10023"
Brokered by COMPASS,Condo for sale,11000000,4,4,3452,177 9th Ave Ph A,"Manhattan, NY 10011"
Brokered by Serhant,Condo for sale,7750000,5,6,3701,50 Bridge Park Dr Unit 17AE,"Brooklyn, NY 11201"
Brokered by COMPASS,Condo for sale,795000,1,1,860,350 E 62nd St Apt 3B,"Manhattan, NY 10065"
Brokered by Corcoran East Side,Condo for sale,849000,3,2,2184,8 W 65th St Apt 1B,"New York, NY 10023"
Brokered by Leven Real Estate - Head Office,Condo for sale,800000,3,1,916,15 Broad St Apt 1928,"New York, NY 10005"
Brokered by Brooklyn Real Property Inc,Condo for sale,359000,2,1,920,190 Cozine Ave Apt 3H,"Brooklyn, NY 11207"
Brokered by E Realty International Corp,Condo for sale,649000,1,1,2184,362 W 127th St Unit 6B,"New York, NY 10027"
Brokered by Winzone Realty Inc,Condo for sale,1175000,4,2,2184,168-46 Powells Cove Blvd Unit 21,"Whitestone, NY 11357"
Brokered by COMPASS,Condo for sale,2950000,3,2,1709,360 Furman St Apt 337,"Brooklyn, NY 11201"
NoBroker,Condo for sale,358000,3,1,2184,150-38 Union Tpke Unit 11B,"Flushing, NY 11367"
NoBroker,Condo for sale,760000,1,1,700,414 W 54th St Apt 4E,"New York, NY 10019"
Brokered by One Realty Global Corp,Condo for sale,380000,3,1,393,1548 72nd St Unit 1,"Brooklyn, NY 11228"
Brokered by One Realty Global Corp,Condo for sale,380000,3,1,393,1548 72nd St Unit 1,"Brooklyn, NY 11228"
Brokered by Leven Real Estate - Head Office,Condo for sale,800000,3,1,916,15 Broad St Apt 1928,"New York, NY 10005"
Brokered by BERGEN BASIN REALTY,Condo for sale,649000,3,2,1150,1120 Bergen Ave Unit 88,"Brooklyn, NY 11234"
Brokered by RE MAX Edge,Condo for sale,475000,1,1,739,3016 Brighton 5th St Apt 1C,"Brooklyn, NY 11235"
Brokered by Corcoran West Side Gallery,Condo for sale,3995000,3,4,2456,360 E 88th St Ph 2B,"New York, NY 10128"
Brokered by Block & Lot Real Estate SVC,Condo for sale,648888,2,2,950,152-18 Union Tpke Unit 11D,"Flushing, NY 11367"
Brokered by RE/MAX Edge,Condo for sale,399000,1,1,577,231 68th St Apt 303,"Brooklyn, NY 11220"
NoBroker,Condo for sale,589000,3,1,415,500 W 43rd St Apt 12G,"New York, NY 10036"
Brokered by Corcoran East Side,Condo for sale,3795000,3,3,2250,201 E 80th St Apt 16A,"New York, NY 10075"
Brokered by Sotheby's International Realty - Downtown Manhattan,Condo for sale,3250000,3,2,2292,71 Ludlow St Apt 4B,"New York, NY 10002"
"Brokered by Tom Crimmins Realty, Ltd.",Condo for sale,245000,1,1,800,1100 Clove Rd Apt 7B,"Staten Island, NY 10301"
Brokered by eXp Realty BKNY,Condo for sale,1090000,3,3,1295,1845 52nd St Apt 27,"Brooklyn, NY 11204"
Brokered by UbiQ NY Ltd,Condo for sale,1990000,2,2,1309,124 W 24th St Apt 2D,"New York, NY 10011"
"Brokered by CORE Group Marketing, LLC",Condo for sale,25000000,5,6,4089,555 W 22nd St Apt 11AW,"New York, NY 10011"
Brokered by Brown Harris Stevens,Condo for sale,995000,1,1,2184,305 Second Ave Unit 20,"Manhattan, NY 10003"
"Brokered by CORE Group Marketing, LLC",Condo for sale,25000000,5,6,4089,555 W 22nd St Apt 11AW,"New York, NY 10011"
Brokered by COMPASS,Condo for sale,4995000,3,2,2803,65 W 13th St Apt 10A,"Manhattan, NY 10011"
Brokered by Douglas Elliman - 936 Broadway,Condo for sale,659000,2,1,714,39 Argyle Rd Apt 4B,"Brooklyn, NY 11218"
Brokered by Douglas Elliman - Bayside,Condo for sale,368000,3,1,2184,2 Bay Club Dr Apt 21H,"Bayside, NY 11360"
Brokered by Serhant,Condo for sale,1795000,2,2,1245,180 Front St Apt 7F,"Brooklyn, NY 11201"
Brokered by Corcoran East Side,Condo for sale,21500000,5,2,4179,1295 Madison Ave,"New York, NY 10128"
Brokered by Keller Williams Rty Gold Coast,Condo for sale,735000,1,1,2184,42-37 27th St Unit 5B,"Long Island City, NY 11101"
Brokered by B Square Realty,Condo for sale,780000,3,3,1236,32-05 Linden Pl Unit A3,"Flushing, NY 11354"
Brokered by The Bouklis Group - The Bouklis Group,Condo for sale,1649000,1,1,800,635 W 42nd St Apt 30A,"New York, NY 10036"
Brokered by Douglas Elliman - 575 Madison Ave,Condo for sale,1750000,2,2,1320,199 Conover St Unit 2B,"Brooklyn, NY 11231"
Brokered by COMPASS,Condo for sale,2750000,2,2,1488,30 Orchard St Ph B,"Manhattan, NY 10002"
Brokered by COMPASS,Condo for sale,698000,1,1,2184,70 W 139th St Apt 8I,"Manhattan, NY 10037"
Brokered by BHHS New York Properties,Condo for sale,26000000,5,6,4859,24 Leonard St Apt 2,"New York, NY 10013"
NoBroker,Condo for sale,3999999,2,2,1997,527 W 27th St Unit 5S,"New York, NY 10001"
Brokered by Bond New York- Columbus Circle,Condo for sale,2295000,3,3,1615,166 E 63rd St Apt 10C,"New York, NY 10065"
Brokered by All American Realty Management,Condo for sale,599888,1,1,826,2962847 33 48th St Unit 4G,"Queens, NY 11104"
Brokered by E Realty International Corp,Condo for sale,688000,3,2,982,844 50th St Apt 5A,"Brooklyn, NY 11220"
Brokered by E Realty International Corp,Condo for sale,409000,1,1,559,132-18 Avery Ave Unit 3D,"Flushing, NY 11355"
Brokered by United Real Estate Fortune,Condo for sale,630000,2,2,750,142-25 37th Ave Unit 6B,"Flushing, NY 11354"
Brokered by Bedford Brownstone Realty LLC,Condo for sale,874000,2,2,915,139 Grove St Apt 4F,"Brooklyn, NY 11221"
Brokered by Brown Harris Stevens - 445 Park Avenue,Condo for sale,4995000,4,4,2184,30 E 76th St Unit Ph,"Manhattan, NY 10021"
Brokered by Douglas Elliman - 1995 Broadway,Condo for sale,3000000,1,2,1600,90 Furman St Unit N810,"Brooklyn, NY 11201"
Brokered by Brown Harris Stevens - 445 Park Avenue,Condo for sale,2400000,1,2,1427,15 W 53rd St Unit 14G,"Manhattan, NY 10019"
Brokered by COMPASS,Condo for sale,1995000,3,2,1376,128 W 26th St Fl 3,"Manhattan, NY 10001"
Brokered by Douglas Elliman - 575 Madison Ave,Condo for sale,1400000,3,2,1625,133 Beach 116th St # F,"Queens, NY 11694"
Brokered by Corcoran Park Slope,Condo for sale,1080000,1,2,941,659 Putnam Ave # 1,"Brooklyn, NY 11221"
Brokered by Corcoran Westside Columbus,Condo for sale,925000,2,2,1033,77 E 110th St Apt 6A,"New York, NY 10029"
Brokered by Anita Loewy,Condo for sale,2795000,2,2,1372,20 W 64th St Unit 18K,"New York, NY 10023"
Brokered by Serhant,Condo for sale,2850000,3,2,1912,60 Broadway Apt 8J,"Brooklyn, NY 11249"
"Brokered by MAXIMILLION REALTY, INC.",Condo for sale,695000,2,2,1080,601 Surf Ave Apt 8C,"Brooklyn, NY 11224"
Brokered by Winzone Realty Inc,Condo for sale,555000,2,1,2184,7613 Ditmars Blvd Unit A2,"East Elmhurst, NY 11370"
Brokered by COMPASS,Condo for sale,815000,2,2,1000,2652 E 18th St Unit 2A,"Brooklyn, NY 11235"
Brokered by Bhuiyan Properties LLC,Condo for sale,474000,2,1,750,848 43rd St Apt 22,"Brooklyn, NY 11232"
Brokered by COMPASS,Condo for sale,2350000,2,2,1572,300 W 18th St Unit 2,"Manhattan, NY 10011"
"Brokered by MAXIMILLION REALTY, INC.",Condo for sale,695000,2,2,1080,601 Surf Ave Apt 8C,"Brooklyn, NY 11224"
Brokered by COMPASS,Condo for sale,610000,1,1,673,21 S End Ave Apt 435,"Manhattan, NY 10280"
"Brokered by Nest Seekers International, Midtown",Condo for sale,1299000,1,2,1066,117 E 57th St Units 34 & 35C,"New York, NY 10022"
Brokered by Brown Harris Stevens - 129 Montague Street,Condo for sale,800000,2,1,850,1240 Bedford Ave Apt 1F,"Brooklyn, NY 11216"
Brokered by COMPASS,Condo for sale,725000,1,1,696,190 Lefferts Pl Apt 5,"Brooklyn, NY 11238"
Brokered by Douglas Elliman - 575 Madison Ave,Condo for sale,550000,3,1,446,205 E 68th St Apt 3D,"New York, NY 10065"
Brokered by Douglas Elliman  -111 Fifth Ave,Condo for sale,12495000,4,3,2184,7 Bond St,"New York, NY 10012"
Brokered by Winzone Realty Inc,Condo for sale,498000,1,1,785,64-48 Booth St Unit 1E,"Rego Park, NY 11374"
"Brokered by Michael A. Kaufman, Licensed Real Estate Broker",Condo for sale,1250000,1,1,855,389 E 89th St Apt 15A,"New York, NY 10128"
Brokered by KELLER WILLIAMS REALTY LANDMARK II,Condo for sale,359999,3,2,2184,753B Saint Anns Ave Unit 52B,"Bronx, NY 10456"
Brokered by R New York,Condo for sale,2649000,3,3,1699,330 E 38th St Apt 41N,"New York, NY 10016"
Brokered by Community Home Sales Inc,Condo for sale,385000,2,1,919,12205 Flatlands Ave Apt 3H,"Brooklyn, NY 11207"
"Brokered by Nest Seekers International, Midtown",Condo for sale,585000,3,2,2184,45-30 Pearson St,"Queens, NY 11101"
Brokered by KELLER WILLIAMS REALTY LANDMARK II,Condo for sale,359999,3,2,2184,753B Saint Anns Ave Unit 52B,"Bronx, NY 10456"
Brokered by COMPASS,Condo for sale,2100000,3,3,1638,235 E 55th St Unit 43AB,"Manhattan, NY 10022"
Brokered by Douglas Elliman - Long Island City,Condo for sale,880000,1,1,713,44-15 Purves St Unit 14B,"Queens, NY 11101"
Brokered by Corcoran Chelsea/Flatiron,Condo for sale,1500000,2,2,1334,50 W 127th St # B,"New York, NY 10027"
Brokered by ROCKAWAY PROPERTIES,Condo for sale,649000,3,2,1770,103-06 Rockaway Beach Blvd Unit 3C,"Rockaway Park, NY 11694"
Brokered by Douglas Elliman - 575 Madison Ave,Condo for sale,3595000,2,2,2184,15 W 61st St Apt 22B,"New York, NY 10023"
Brokered by EXP Realty,Condo for sale,680000,2,2,847,90-20 55th Ave Unit 4A,"Elmhurst, NY 11373"
Brokered by E Realty International Corp,Condo for sale,799000,2,2,868,214-11 35th Ave Unit 3A,"Bayside, NY 11361"
Brokered by Chase Global Realty Corp,Condo for sale,699000,1,1,2184,40-22 61st St Unit 2K,"Woodside, NY 11377"
Brokered by COMPASS,Condo for sale,1395000,2,2,2184,233 E 86th St Apt 14C,"Manhattan, NY 10028"
Brokered by COMPASS,Condo for sale,1395000,2,2,2184,233 E 86th St Apt 14C,"Manhattan, NY 10028"
Brokered by Corcoran East Side,Condo for sale,4250000,2,2,1778,15 Hudson Yards Apt 34A,"New York, NY 10001"
Brokered by MNS,Condo for sale,1695000,2,2,1035,526 Union Ave Ph 1,"Brooklyn, NY 11211"
Brokered by B Square Realty,Condo for sale,599000,1,1,958,37-32 89th St Unit 1A,"Jackson Heights, NY 11372"
Brokered by Corcoran SoHo,Condo for sale,610000,3,2,923,55 Greene Ave Ste 2B,"Brooklyn, NY 11238"
Brokered by Chase Global Realty Corp,Condo for sale,1080000,2,2,1545,14-50 110th St Unit E301,"College Point, NY 11356"
Brokered by Corcoran Park Avenue South,Condo for sale,1199000,2,1,1080,9511 Shore Rd Apt 602,"Brooklyn, NY 11209"
Brokered by Andrew Lichtenstein Inc,Condo for sale,650000,2,2,1013,3625 Oxford Ave Apt 6B,"Bronx, NY 10463"
Brokered by Cruz Network Cruse Realty,Condo for sale,549000,2,2,1113,85-09 151st Ave Unit 1H,"Howard Beach, NY 11414"
Brokered by Douglas Elliman - 575 Madison Ave,Condo for sale,1350000,2,2,1066,460 Manhattan Ave Apt 2B,"Brooklyn, NY 11222"
Brokered by Winzone Realty Inc,Condo for sale,499000,1,1,571,52-16 Roosevelt Ave Unit 3A,"Woodside, NY 11377"
"Brokered by Nest Seekers International, Midtown",Condo for sale,1351242,2,2,1026,3 Court Sq W Unit 403,"Queens, NY 11101"
Brokered by COMPASS,Condo for sale,479000,1,2,1096,44 Euclid Ave Apt 1A,"Brooklyn, NY 11208"
Brokered by J. Sikar Realty,Condo for sale,1899000,3,2,1757,65 Oceana Dr E Apt 8D,"Brooklyn, NY 11235"
Brokered by COMPASS,Condo for sale,2150000,2,2,1711,243 W 60th St Apt 5F,"Manhattan, NY 10023"
"Brokered by Nest Seekers International, Long Island",Condo for sale,1745000,2,2,1574,27-28 Thomson Ave Unit 422,"Queens, NY 11101"
Brokered by BHHS New York Properties,Condo for sale,1494000,1,2,1444,507 E 80th St Apt 1R,"New York, NY 10075"
Brokered by Corcoran Bedford Stuyvesant,Condo for sale,975000,2,2,930,68 Eldert St # 3B,"Brooklyn, NY 11207"
Brokered by Habitat Realty Of New York Inc,Condo for sale,650000,3,1,1050,2501 Snyder Ave Unit 3E,"Prospect Lefferts Gardens, NY 11225"
Brokered by COMPASS,Condo for sale,1999999,4,4,2743,269 W 87th St Apt 8A,"Manhattan, NY 10024"
Brokered by COMPASS,Condo for sale,460000,1,1,518,2654 E 18th St Unit 2D,"Brooklyn, NY 11235"
Brokered by Corcoran Williamsburg Bedford,Condo for sale,1395000,2,2,1003,218 Classon Ave,"Brooklyn, NY 11205"
Brokered by Sotheby's International Realty - East Side Manhattan Brokerage,Condo for sale,3995000,2,2,1283,25 Columbus Cir # 69F,"New York, NY 10019"
Brokered by Dwell Residential,Condo for sale,2695000,2,2,1927,461 Carroll St Unit 1,"Brooklyn, NY 11215"
Brokered by Living NY - Main Office,Condo for sale,625000,1,1,692,300 W 135th St Apt 4L,"New York, NY 10030"
Brokered by Diamond Real Inc,Condo for sale,599000,1,1,935,727 Ocean View Ave Apt D3,"Brooklyn, NY 11235"
Brokered by Robert Defalco Realty Inc.,Condo for sale,342990,2,1,900,1000 Clove Rd Apt 8C,"Staten Island, NY 10301"
Brokered by Corcoran West Side,Condo for sale,3150000,4,3,2263,2628 Broadway Apt 12A,"New York, NY 10025"
Brokered by Brown Harris Stevens,Condo for sale,2649000,3,3,1500,325 Fifth Ave Unit 36A,"Manhattan, NY 10016"
Brokered by Douglas Elliman - 936 Broadway,Condo for sale,925000,2,2,787,1904 Harman St Apt 4A,"Queens, NY 11385"
Brokered by Winzone Realty Inc,Condo for sale,800000,3,2,2184,43-20 Union St Unit 7D,"Flushing, NY 11355"
Brokered by Bond New York- Columbus Circle,Condo for sale,559000,1,1,579,1229 Putnam Ave Apt 2D,"Brooklyn, NY 11221"
Brokered by Douglas Elliman  -111 Fifth Ave,Condo for sale,999999,1,2,807,10 Little West St Apt 20D,"New York, NY 10004"
Brokered by King Zone Realty Inc,Condo for sale,838000,2,2,1054,1238 63rd St Apt D436,"Brooklyn, NY 11219"
Brokered by Corcoran Park Avenue South,Condo for sale,729000,1,1,550,200 E 58th St Apt 14C,"New York, NY 10022"
Brokered by Corcoran Chelsea/Flatiron,Condo for sale,2045000,3,2,1039,301 W 53rd St Apt 19A,"New York, NY 10019"
Brokered by Owner Entry.com,Condo for sale,749000,2,2,1258,219 Constitution Pl Apt B,"College Point, NY 11356"
Brokered by Douglas Elliman - 575 Madison Ave,Condo for sale,3695000,2,2,1978,160 W 66th St Apt 57C,"New York, NY 10023"
Brokered by Corcoran Chelsea/Flatiron,Condo for sale,2045000,3,2,1039,301 W 53rd St Apt 19A,"New York, NY 10019"
Brokered by Corcoran Westside Columbus,Condo for sale,950000,2,2,1033,77 E 110th St Apt 7A,"New York, NY 10029"
Brokered by Sotheby's International Realty - Downtown Manhattan,Condo for sale,1599000,2,2,1094,135 E 54th St Apt 14M,"New York, NY 10022"
Brokered by Corcoran Westside Columbus,Condo for sale,1850000,1,1,703,25 Fifth Ave Apt 5G,"New York, NY 10003"
Brokered by William Raveis New York City,Condo for sale,1395000,1,2,1220,20 Pine St Apt 2504,"New York, NY 10005"
Brokered by Corcoran Brooklyn Heights,Condo for sale,759000,2,2,1230,2025 Ocean Ave # 6A,"Brooklyn, NY 11230"
Brokered by MNS,Condo for sale,1750000,2,2,2184,710 Metropolitan Ave Apt 5E,"Brooklyn, NY 11211"
Brokered by Corcoran East Side,Condo for sale,4995000,3,4,2184,1295 Madison Ave Apt 5A,"New York, NY 10128"
Brokered by Space Marketing Shop Inc.,Condo for sale,1500000,1,2,1218,490 Lorimer St Unit 1A,"Brooklyn, NY 11211"
Brokered by Avenues - Headquarters,Condo for sale,695000,2,1,959,122 E 102nd St Apt 2B,"New York, NY 10029"
"Brokered by Nest Seekers International, Westside",Condo for sale,15500000,5,6,4134,1965 Broadway Apt 28E,"New York, NY 10023"
Brokered by Winzone Realty Inc,Condo for sale,655000,3,2,2184,132-37 Pople Ave Unit 3A,"Flushing, NY 11355"
Brokered by Corcoran Brooklyn Heights,Condo for sale,759000,2,2,1230,2025 Ocean Ave # 6A,"Brooklyn, NY 11230"
Brokered by Brown Harris Stevens,Condo for sale,3250000,2,2,1509,210 Lafayette St Ph 6G,"Manhattan, NY 10012"
Brokered by Tru International Realty Corp,Condo for sale,658000,1,1,2184,44-15 College Point Blvd Unit 3A,"Flushing, NY 11355"
Brokered by Serhant,Condo for sale,4395000,5,5,3498,401 E 60th St Apt 4B,"New York, NY 10022"
Brokered by Douglas Elliman - 140 Franklin,Condo for sale,7500000,4,4,2811,30 Park Pl Apt 59A,"New York, NY 10007"
Brokered by Real Estate Top Sales Llc,Condo for sale,580000,2,1,667,224 22nd St Apt 4D,"Brooklyn, NY 11232"
Brokered by Sotheby's International Realty - East Side Manhattan Brokerage,Condo for sale,8575000,2,2,1830,25 Columbus Cir # 57B,"New York, NY 10019"
Brokered by COMPASS,Condo for sale,200000,3,2,2184,333 14th St Unit PSPOT1,"Brooklyn, NY 11215"
Brokered by Corcoran Park Avenue South,Condo for sale,1200000,3,1,500,299 W 12th St Apt 3B,"New York, NY 10014"
Brokered by Keller Williams NYC,Condo for sale,375000,1,1,387,662 Fourth Ave Unit 1R,"Brooklyn, NY 11232"
Brokered by Exp Realty,Condo for sale,2488000,2,2,1483,150 Nassau St Apt 2D,"New York, NY 10038"
Brokered by Fillmore Real Estate,Condo for sale,935000,1,1,713,110 Livingston St Apt 11J,"Brooklyn, NY 11201"
Brokered by Corcoran East Side,Condo for sale,5200000,3,4,3400,29 W 85th St Apt 3,"New York, NY 10024"
Brokered by Winzone Realty Inc,Condo for sale,720000,2,1,970,61-09 39 Ave Unit M6,"Woodside, NY 11377"
Brokered by Corcoran East Side,Condo for sale,4780000,2,2,1882,16 W 40th St Apt 25B,"New York, NY 10018"
Brokered by Douglas Elliman - 575 Madison Ave,Condo for sale,760000,1,1,700,404 E 66th St Apt 4N,"New York, NY 10065"
Brokered by Deutsch Realty,Condo for sale,2350000,2,2,1628,207 E 57th St Apt 16B,"Manhattan, NY 10022"
Brokered by E Realty International Corp,Condo for sale,499000,1,1,750,63-14 Queens Blvd Unit 5J,"Woodside, NY 11377"
Brokered by Douglas Elliman - 575 Madison Ave,Condo for sale,4075000,3,3,2150,240 Riverside Blvd Apt 19B,"New York, NY 10069"
Brokered by E Realty International Corp,Condo for sale,580000,2,2,950,130-14 60th Ave Unit 2C,"Flushing, NY 11355"
Brokered by Douglas Elliman  -111 Fifth Ave,Condo for sale,995000,2,2,1015,2110 Frederick Douglass Blvd Apt 8D,"New York, NY 10026"
Brokered by Byson Real Estate Company - Byson Real Estate Company,Condo for sale,1525000,2,2,1329,5-30 47th Ave Unit 1B,"Queens, NY 11101"
Brokered by Excellent Realty Llc,Condo for sale,468000,1,1,500,65-38 Austin St Unit 2H,"Rego Park, NY 11374"
Brokered by COMPASS,Condo for sale,1588000,2,2,1108,30 W 61st St Apt 16D,"Manhattan, NY 10023"
Brokered by Douglas Elliman - 3544 Johnson Ave,Condo for sale,585000,2,2,988,3625 Oxford Ave Apt 2B,"Bronx, NY 10463"
Brokered by COMPASS,Condo for sale,848880,1,1,713,11 E 36th St Ste 404,"Manhattan, NY 10016"
Brokered by Corcoran Westside Columbus,Condo for sale,3700000,3,3,1756,1280 Fifth Ave Apt 17B,"New York, NY 10029"
"Brokered by Toll Brothers, Inc",Condo for sale,1125000,1,1,743,218 W 103rd St Unit 4F,"New York, NY 10025"
Brokered by Keller Williams NYC,Condo for sale,2395000,4,3,2155,42 Saint Marks Pl Apt 1,"Brooklyn, NY 11217"
Brokered by Corcoran East Side,Condo for sale,8525000,4,4,2863,126 E 86th St # 16A,"New York, NY 10028"
"Brokered by Tom Crimmins Realty, Ltd.",Condo for sale,240000,1,1,800,1100 Clove Rd Apt 2K,"Staten Island, NY 10301"
Brokered by Accord Homes Realty,Condo for sale,309000,2,1,862,1505 Archer Rd Apt 2D,"Bronx, NY 10462"
Brokered by Corcoran East Side,Condo for sale,3795000,3,3,1981,200 E 62nd St Apt 19A,"New York, NY 10065"
Brokered by Corcoran East Side,Condo for sale,8525000,4,4,2863,126 E 86th St # 16A,"New York, NY 10028"
Brokered by Spire Group Inc.- Main Office,Condo for sale,780000,3,1,2184,550 Vanderbilt Ave Apt 511,"Brooklyn, NY 11238"
Brokered by Corcoran Brooklyn Heights,Condo for sale,1075000,2,2,1144,1222 Putnam Ave # 4A,"Brooklyn, NY 11221"
Brokered by Corcoran Brooklyn Heights,Condo for sale,1075000,2,2,1144,1222 Putnam Ave # 4A,"Brooklyn, NY 11221"
Brokered by Douglas Elliman - 575 Madison Ave,Condo for sale,750000,1,1,592,250 Manhattan Ave Unit 3R,"Brooklyn, NY 11211"
Brokered by Corcoran East Side,Condo for sale,1850000,2,2,1322,40 Broad St Ph 3F,"New York, NY 10004"
Brokered by Douglas Elliman - 575 Madison Ave,Condo for sale,5250000,3,3,2950,60 E 55th St Ph 3,"New York, NY 10022"
Brokered by Corcoran Bedford Stuyvesant,Condo for sale,595000,1,1,556,68 Eldert St # 4C,"Brooklyn, NY 11207"
Brokered by Keller Williams NYC,Condo for sale,2995000,2,2,1784,721 Fifth Ave Unit 52K,"New York, NY 10022"
Brokered by KORR REALTY,Condo for sale,749999,3,3,1602,1906 Bergen Ave Unit 9A,"Brooklyn, NY 11234"
Brokered by R New York,Condo for sale,2300000,3,3,1700,330 E 38th St Apt 12N,"New York, NY 10016"
Brokered by Douglas Elliman - 575 Madison Ave,Condo for sale,6750000,2,2,2320,15 Hudson Yards Apt 66B,"New York, NY 10001"
Brokered by COMPASS,Condo for sale,799000,1,1,2184,300 E 40th St Apt 30N,"Manhattan, NY 10016"
Brokered by COMPASS,Condo for sale,4275000,2,2,2184,110 Central Park S Apt 5A,"Manhattan, NY 10019"
Brokered by COMPASS,Condo for sale,799000,1,1,2184,300 E 40th St Apt 30N,"Manhattan, NY 10016"
Brokered by Elegran Real Estate And Development,Condo for sale,5750000,3,3,3700,259 Bowery Units 3 & 4,"New York, NY 10002"
"Brokered by Nest Seekers International, Long Island",Condo for sale,580000,1,2,2184,109-9 15th Ave,"Queens, NY 11356"
Brokered by COMPASS,Condo for sale,1100000,2,1,988,318 W 100th St Apt 8B,"Manhattan, NY 10025"
Brokered by Keller Williams NYC,Condo for sale,4999000,2,2,1666,111 Murray St Apt 41B,"New York, NY 10007"
Brokered by Douglas Elliman - 1995 Broadway,Condo for sale,1695000,3,2,1827,475 Sterling Pl Apt 1B,"Brooklyn, NY 11238"
Brokered by Brown Harris Stevens,Condo for sale,2800000,3,2,1687,543 W 122nd St Apt 27A,"Manhattan, NY 10027"
Brokered by EXP Realty,Condo for sale,459000,1,1,548,3031 Brighton 5th St Unit 3C,"Brooklyn, NY 11235"
Brokered by Brown Harris Stevens - 445 Park Avenue,Condo for sale,15900000,4,4,3698,1 Central Park S Unit 1901,"Manhattan, NY 10019"
Brokered by Douglas Elliman - 575 Madison Ave,Condo for sale,4995000,3,4,1960,100 Central Park S Unit 3AD,"New York, NY 10019"
Brokered by COMPASS,Condo for sale,2250000,3,1,1710,181 Hudson St Ste 2A,"Manhattan, NY 10013"
Brokered by REAL NEW YORK - Lower East Side,Condo for sale,989000,3,1,930,282A Nassau Ave Apt 3A,"Brooklyn, NY 11222"
Brokered by Brown Harris Stevens - 1926 Broadway,Condo for sale,4880000,3,3,2130,400 Fifth Ave Unit 57E,"Manhattan, NY 10018"
Brokered by E Realty International Corp,Condo for sale,600000,1,1,830,132-35 Sanford Ave Unit Ld,"Flushing, NY 11355"
Brokered by Corcoran East Side,Condo for sale,5400000,3,4,2515,300 E 55th St Ph B,"New York, NY 10022"
Brokered by Brown Harris Stevens,Condo for sale,1625000,1,2,995,393 W End Ave Apt 8F,"Manhattan, NY 10024"
Brokered by RE/MAX Elite,Condo for sale,385000,2,1,910,100 Colfax Ave Apt 3V,"Staten Island, NY 10306"
Brokered by COMPASS,Condo for sale,5200000,2,3,1394,2 E 55th St Unit 1118,"Manhattan, NY 10022"
Brokered by Winzone Realty Inc,Condo for sale,550000,1,1,712,61-05 39th Ave Unit G3,"Woodside, NY 11377"
Brokered by COMPASS,Condo for sale,2800000,3,3,3341,429 Kent Ave Unit L65,"Brooklyn, NY 11249"
Brokered by E Realty International Corp,Condo for sale,725000,2,2,800,91-23 Corona Ave Unit 4F,"Elmhurst, NY 11373"
Brokered by Winzone Realty Inc,Condo for sale,595000,2,2,739,71-66 Parsons Blvd Unit 7F,"Flushing, NY 11365"
Brokered by Corcoran West Side,Condo for sale,2350000,2,2,1428,88 Lexington Ave Apt 1602,"New York, NY 10016"
"Brokered by Nest Seekers International, Tribeca",Condo for sale,705000,1,1,631,30-05 Vernon Blvd Unit 3E,"Queens, NY 11102"
Brokered by EXIT ALL SEASONS REALTY,Condo for sale,1300000,2,2,1125,163 Taaffe Pl Apt 4,"Brooklyn, NY 11205"
Brokered by Keller Williams NYC,Condo for sale,1675000,2,2,1294,340 E 64th St Apt 8R,"New York, NY 10065"
Brokered by COMPASS,Condo for sale,1395000,2,2,1065,5-49 Borden Ave Unit 8G,"Queens, NY 11101"
Brokered by EXIT ALL SEASONS REALTY,Condo for sale,1300000,2,2,1125,163 Taaffe Pl Apt 4,"Brooklyn, NY 11205"
Brokered by Corcoran East Side,Condo for sale,2495000,1,2,1218,421 Hudson St Apt 807,"New York, NY 10014"
Brokered by Sany Realty Group Llc,Condo for sale,399000,1,1,771,152-72 Melbourne Ave Unit Le,"Flushing, NY 11367"
Brokered by Corcoran Chelsea/Flatiron,Condo for sale,1095000,2,2,1200,50 Pine St Apt 12S,"New York, NY 10005"
Brokered by Corcoran East Side,Condo for sale,14950000,4,4,4017,180 E 88th St Apt 46,"New York, NY 10128"
Brokered by Corcoran Chelsea/Flatiron,Condo for sale,1195000,1,1,600,222 W 14th St Apt 10A,"New York, NY 10011"
"Brokered by Nest Seekers International, Midtown",Condo for sale,649000,3,2,2184,220 E 60th St Ph G,"New York, NY 10022"
Brokered by EXIT REALTY PROFESSIONALS,Condo for sale,815000,3,2,1039,168 Avenue P Apt 8A,"Brooklyn, NY 11204"
Brokered by Douglas Elliman - 575 Madison Ave,Condo for sale,3900000,2,2,1700,641 Fifth Ave Unit 30F,"New York, NY 10022"
Brokered by Corcoran Park Avenue South,Condo for sale,795000,2,1,759,215 E 80th St Apt 4F,"New York, NY 10075"
Brokered by Douglas Elliman - 575 Madison Ave,Condo for sale,460000,3,1,426,225 E 46th St Apt 4F,"New York, NY 10017"
Brokered by TOP NEST INC,Condo for sale,534900,1,1,654,2517 Voorhies Ave Unit 1H,"Brooklyn, NY 11235"
Brokered by Corcoran Williamsburg Bedford,Condo for sale,1249000,4,2,1605,148-09 Northern Blvd Apt 4A,"Queens, NY 11354"
Brokered by Roz Khan,Condo for sale,625000,1,1,2184,14-40 31 Ave Unit 2R,"Astoria, NY 11106"
Brokered by Corcoran Park Slope,Condo for sale,1650000,2,2,1168,162 S Portland Ave Unit 2,"Brooklyn, NY 11217"
Brokered by COMPASS,Condo for sale,1575000,1,2,1494,30 Main St Apt 4D,"Brooklyn, NY 11201"
Brokered by Douglas Elliman - Roslyn,Condo for sale,459000,3,1,489,138-35 Elder Ave Unit 4DA,"Flushing, NY 11355"
Brokered by Momentum Real Estate Llc,Condo for sale,389990,2,1,886,100 Colfax Ave Apt 7U,"Staten Island, NY 10306"
Brokered by Century 21 Bay Benjamin,Condo for sale,375000,3,1,500,2 Bay Club Dr Apt 14R,"Bayside, NY 11360"
Brokered by COMPASS,Condo for sale,8950000,3,4,2367,212 W 18th St Apt 17A,"Manhattan, NY 10011"
Brokered by Sotheby's International Realty - East Side Manhattan Brokerage,Condo for sale,3995000,3,3,1856,230 W 56th St Apt 65B,"New York, NY 10019"
Brokered by Douglas Elliman - 575 Madison Ave,Condo for sale,1345000,1,2,1010,170 E End Ave Apt 3K,"New York, NY 10128"
Brokered by Brown Harris Stevens,Condo for sale,3550000,4,4,2120,543 W 122nd St Apt 21A,"Manhattan, NY 10027"
Brokered by COMPASS,Condo for sale,5500000,4,4,2670,306 Mott St Apt 9,"Manhattan, NY 10012"
"Brokered by Nest Seekers International, Midtown",Condo for sale,2750000,2,2,1856,323 E 79th St Apt 3,"New York, NY 10075"
Brokered by Corcoran Chelsea/Flatiron,Condo for sale,3995000,1,2,1560,23 E 22nd St # 11B,"New York, NY 10010"
Brokered by Corcoran Brooklyn Heights,Condo for sale,849000,2,2,937,733 Ocean Pkwy # 7C,"Brooklyn, NY 11230"
Brokered by Corcoran Westside Columbus,Condo for sale,995000,1,1,971,856 Washington Ave Apt 6C,"Brooklyn, NY 11238"
Brokered by Corcoran Westside Columbus,Condo for sale,995000,1,1,971,856 Washington Ave Apt 6C,"Brooklyn, NY 11238"
Brokered by Sotheby's International Realty - East Side Manhattan Brokerage,Condo for sale,15000000,2,2,2625,432 Park Ave Apt 84A,"New York, NY 10022"
Brokered by COMPASS,Condo for sale,1195000,1,2,1330,214 N 11th St Apt 1B,"Brooklyn, NY 11211"
Brokered by COMPASS,Condo for sale,24500000,4,6,5427,838 5th Ave Fl 6,"Manhattan, NY 10065"
"Brokered by MAXIMILLION REALTY, INC.",Condo for sale,490000,1,1,730,501 Surf Ave Apt 2N,"Brooklyn, NY 11224"
Brokered by Douglas Elliman - 1995 Broadway,Condo for sale,499500,3,1,2184,401 E 60th St Apt 5P,"New York, NY 10022"
Brokered by Brown Harris Stevens,Condo for sale,7995000,4,4,2697,111 Murray St Apt 30W,"Manhattan, NY 10007"
Brokered by City Connections Realty,Condo for sale,529000,3,1,367,1 Wall Street Ct Apt 1406,"New York, NY 10005"
Brokered by E Realty International Corp,Condo for sale,654250,2,1,702,91-23 Corona Ave Unit 7A,"Elmhurst, NY 11373"
Brokered by Douglas Elliman - 575 Madison Ave,Condo for sale,1350000,1,2,822,2 River Ter Apt 3F,"New York, NY 10282"
Brokered by Corcoran Westside Columbus,Condo for sale,995000,1,1,971,856 Washington Ave Apt 6C,"Brooklyn, NY 11238"
Brokered by E Realty International Corp,Condo for sale,654250,2,1,702,91-23 Corona Ave Unit 7A,"Elmhurst, NY 11373"
Brokered by North East Queens Realty Corp,Condo for sale,518000,1,1,2184,152-18 Union Tpke Ph B,"Flushing, NY 11367"
Brokered by E Realty International Corp,Condo for sale,550000,2,2,721,60-70 Woodhaven Blvd Unit 3C,"Elmhurst, NY 11373"
Brokered by Sotheby's International Realty - East Side Manhattan Brokerage,Condo for sale,2600000,3,2,1729,242 E 15th St Apt 1,"New York, NY 10003"
Brokered by COMPASS,Condo for sale,2500000,2,2,1111,49 N 8th St Apt 6E,"Brooklyn, NY 11249"
Brokered by Sotheby's International Realty - East Side Manhattan Brokerage,Condo for sale,2600000,3,2,1729,242 E 15th St Apt 1,"New York, NY 10003"
Brokered by Akcess24homes Inc,Condo for sale,349000,2,1,2184,97-52 75th St Unit B42,"Ozone Park, NY 11416"
Brokered by REAL NEW YORK - Remote Brooklyn,Condo for sale,499000,3,1,472,127 W 112th St Apt 1B,"New York, NY 10026"
Brokered by Serhant,Condo for sale,789000,3,2,800,109 Lafayette St Rm 502,"New York, NY 10013"
Brokered by Brown Harris Stevens,Condo for sale,945000,2,2,903,2351 Adam Clayton Powell Jr Blvd Apt 614,"Manhattan, NY 10030"
Brokered by E Realty International Corp,Condo for sale,598125,2,1,655,91-23 Corona Ave Unit 4G,"Elmhurst, NY 11373"
